x,y,speed
-32.925343,-8.767341,33.33333
-32.90157437518759,-8.760952014507254,33.33333
-32.87780575037519,-8.754563029014507,33.33333
-32.854037125562776,-8.748174043521761,33.33333
-32.83026850075037,-8.741785058029015,33.33333
-32.806499875937966,-8.735396072536268,33.33333
-32.78273125112556,-8.729007087043522,33.33333
-32.758962626313156,-8.722618101550776,33.33333
-32.73519400150075,-8.71622911605803,33.33333
-32.71142537668834,-8.709840130565283,33.33333
-32.687656751875934,-8.703451145072536,33.33333
-32.66388812706353,-8.69706215957979,33.33333
-32.640119502251125,-8.690673174087044,33.33333
-32.61635087743872,-8.684284188594297,33.33333
-32.592582252626315,-8.677895203101551,33.33333
-32.5688136278139,-8.671506217608805,33.33333
-32.5450450030015,-8.665117232116058,33.33333
-32.52127637818909,-8.658728246623312,33.33333
-32.49750775337669,-8.652339261130566,33.33333
-32.47373912856428,-8.64595027563782,33.33333
-32.44997050375187,-8.639561290145073,33.33333
-32.426201878939466,-8.633172304652327,33.33333
-32.40243325412706,-8.62678331915958,33.33333
-32.378664629314656,-8.620394333666834,33.33333
-32.35489600450225,-8.614005348174087,33.33333
-32.331127379689846,-8.607616362681341,33.33333
-32.307358754877434,-8.601227377188595,33.33333
-32.28359013006503,-8.594838391695848,33.33333
-32.259821505252624,-8.588449406203102,33.33333
-32.23605288044022,-8.582060420710356,33.33333
-32.212284255627814,-8.57567143521761,33.33333
-32.1885156308154,-8.569282449724863,33.33333
-32.164747006003,-8.562893464232117,33.33333
-32.14097838119059,-8.55650447873937,33.33333
-32.11720975637819,-8.550115493246624,33.33333
-32.09344113156578,-8.543726507753878,33.33333
-32.06967250675338,-8.537337522261131,33.33333
-32.045903881940966,-8.530948536768385,33.33333
-32.02213525712856,-8.524559551275638,33.33333
-31.998366632316156,-8.518170565782892,33.33333
-31.97459800750375,-8.511781580290146,33.33333
-31.950829382691342,-8.5053925947974,33.33333
-31.927060757878937,-8.499003609304653,33.33333
-31.903292133066532,-8.492614623811907,33.33333
-31.879523508254124,-8.48622563831916,33.33333
-31.85575488344172,-8.479836652826414,33.33333
-31.831986258629314,-8.473447667333668,33.33333
-31.808217633816906,-8.467058681840921,33.33333
-31.7844490090045,-8.460669696348175,33.33333
-31.760680384192096,-8.454280710855429,33.33333
-31.736911759379687,-8.447891725362682,33.33333
-31.713143134567282,-8.441502739869936,33.33333
-31.689374509754874,-8.43511375437719,33.33333
-31.66560588494247,-8.428724768884443,33.33333
-31.641837260130064,-8.422335783391697,33.33333
-31.618068635317655,-8.41594679789895,33.33333
-31.59430001050525,-8.409557812406202,33.33333
-31.570531385692846,-8.403168826913458,33.33333
-31.546762760880437,-8.39677984142071,33.33333
-31.522994136068032,-8.390390855927963,33.33333
-31.499225511255627,-8.384001870435217,33.33333
-31.47545688644322,-8.37761288494247,33.33333
-31.451688261630814,-8.371223899449724,33.33333
-31.42791963681841,-8.364834913956978,33.33333
-31.404151012006,-8.358445928464231,33.33333
-31.380382387193595,-8.352056942971485,33.33333
-31.356613762381187,-8.345667957478739,33.33333
-31.332845137568782,-8.339278971985992,33.33333
-31.309076512756377,-8.332889986493246,33.33333
-31.28530788794397,-8.3265010010005,33.33333
-31.261539263131564,-8.320112015507753,33.33333
-31.23777063831916,-8.313723030015007,33.33333
-31.21400201350675,-8.30733404452226,33.33333
-31.190233388694345,-8.300945059029514,33.33333
-31.16646476388194,-8.294556073536768,33.33333
-31.142696139069532,-8.288167088044021,33.33333
-31.118927514257127,-8.281778102551275,33.33333
-31.095158889444722,-8.275389117058529,33.33333
-31.071390264632313,-8.269000131565782,33.33333
-31.04762163981991,-8.262611146073036,33.33333
-31.023853015007504,-8.25622216058029,33.33333
-31.000084390195095,-8.249833175087543,33.33333
-30.97631576538269,-8.243444189594797,33.33333
-30.95254714057028,-8.23705520410205,33.33333
-30.928778515757877,-8.230666218609304,33.33333
-30.905009890945472,-8.224277233116558,33.33333
-30.881241266133063,-8.217888247623812,33.33333
-30.85747264132066,-8.211499262131065,33.33333
-30.833704016508253,-8.205110276638319,33.33333
-30.809935391695845,-8.198721291145572,33.33333
-30.78616676688344,-8.192332305652826,33.33333
-30.762398142071035,-8.18594332016008,33.33333
-30.738629517258627,-8.179554334667333,33.33333
-30.71486089244622,-8.173165349174587,33.33333
-30.691092267633813,-8.16677636368184,33.33333
-30.667323642821408,-8.160387378189094,33.33333
-30.643555018009003,-8.153998392696348,33.33333
-30.619786393196595,-8.147609407203602,33.33333
-30.59601776838419,-8.141220421710855,33.33333
-30.572249143571785,-8.134831436218109,33.33333
-30.548480518759376,-8.128442450725363,33.33333
-30.52471189394697,-8.122053465232616,33.33333
-30.500943269134567,-8.11566447973987,33.33333
-30.477174644322158,-8.109275494247123,33.33333
-30.453406019509753,-8.102886508754377,33.33333
-30.429637394697348,-8.09649752326163,33.33333
-30.40586876988494,-8.090108537768884,33.33333
-30.382100145072535,-8.083719552276138,33.33333
-30.35833152026013,-8.077330566783392,33.33333
-30.33456289544772,-8.070941581290645,33.33333
-30.310794270635316,-8.064552595797899,33.33333
-30.287025645822908,-8.058163610305153,33.33333
-30.263257021010503,-8.051774624812406,33.33333
-30.239488396198098,-8.04538563931966,33.33333
-30.21571977138569,-8.038996653826914,33.33333
-30.191951146573285,-8.032607668334167,33.33333
-30.16818252176088,-8.02621868284142,33.33333
-30.14441389694847,-8.019829697348674,33.33333
-30.120645272136066,-8.013440711855928,33.33333
-30.09687664732366,-8.007051726363182,33.33333
-30.073108022511253,-8.000662740870435,33.33333
-30.049339397698848,-7.994273755377689,33.33333
-30.02557077288644,-7.987884769884943,33.33333
-30.001802148074034,-7.981495784392196,33.33333
-29.97803352326163,-7.97510679889945,33.33333
-29.954264898449225,-7.968717813406704,33.33333
-29.930496273636816,-7.962328827913957,33.33333
-29.90672764882441,-7.955939842421211,33.33333
-29.882959024012003,-7.9495508569284645,33.33333
-29.859190399199598,-7.943161871435718,33.33333
-29.835421774387193,-7.936772885942972,33.33333
-29.811653149574784,-7.9303839004502255,33.33333
-29.78788452476238,-7.923994914957479,33.33333
-29.764115899949974,-7.917605929464733,33.33333
-29.740347275137566,-7.911216943971986,33.33333
-29.71657865032516,-7.90482795847924,33.33333
-29.692810025512756,-7.898438972986494,33.33333
-29.669041400700348,-7.892049987493747,33.33333
-29.645272775887943,-7.885661002001001,33.33333
-29.621504151075534,-7.879272016508255,33.33333
-29.59773552626313,-7.872883031015508,33.33333
-29.573966901450724,-7.866494045522762,33.33333
-29.550198276638316,-7.8601050600300155,33.33333
-29.52642965182591,-7.853716074537269,33.33333
-29.502661027013506,-7.847327089044523,33.33333
-29.478892402201097,-7.8409381035517765,33.33333
-29.455123777388692,-7.834549118059029,33.33333
-29.431355152576288,-7.828160132566283,33.33333
-29.40758652776388,-7.8217711470735365,33.33333
-29.383817902951474,-7.81538216158079,33.33333
-29.360049278139066,-7.808993176088044,33.33333
-29.33628065332666,-7.802604190595297,33.33333
-29.312512028514256,-7.796215205102551,33.33333
-29.28874340370185,-7.789826219609805,33.33333
-29.264974778889442,-7.783437234117058,33.33333
-29.241206154077037,-7.777048248624312,33.33333
-29.21743752926463,-7.770659263131566,33.33333
-29.193668904452224,-7.764270277638819,33.33333
-29.16990027963982,-7.757881292146073,33.33333
-29.14613165482741,-7.751492306653327,33.33333
-29.122363030015006,-7.74510332116058,33.33333
-29.0985944052026,-7.738714335667834,33.33333
-29.074825780390192,-7.7323253501750875,33.33333
-29.051057155577787,-7.725936364682341,33.33333
-29.027288530765382,-7.719547379189595,33.33333
-29.003519905952974,-7.713158393696848,33.33333
-28.97975128114057,-7.706769408204102,33.33333
-28.95598265632816,-7.700380422711356,33.33333
-28.932214031515755,-7.693991437218609,33.33333
-28.90844540670335,-7.687602451725863,33.33333
-28.884676781890946,-7.681213466233117,33.33333
-28.860908157078537,-7.67482448074037,33.33333
-28.837139532266132,-7.668435495247624,33.33333
-28.813370907453724,-7.6620465097548776,33.33333
-28.78960228264132,-7.655657524262131,33.33333
-28.765833657828914,-7.649268538769385,33.33333
-28.742065033016505,-7.6428795532766385,33.33333
-28.7182964082041,-7.636490567783892,33.33333
-28.694527783391692,-7.630101582291146,33.33333
-28.670759158579287,-7.623712596798399,33.33333
-28.646990533766882,-7.617323611305653,33.33333
-28.623221908954477,-7.610934625812907,33.33333
-28.59945328414207,-7.60454564032016,33.33333
-28.575684659329664,-7.598156654827414,33.33333
-28.551916034517255,-7.591767669334668,33.33333
-28.52814740970485,-7.585378683841921,33.33333
-28.504378784892445,-7.578989698349175,33.33333
-28.480610160080037,-7.5726007128564286,33.33333
-28.456841535267632,-7.566211727363682,33.33333
-28.433072910455227,-7.559822741870936,33.33333
-28.40930428564282,-7.5534337563781895,33.33333
-28.385535660830413,-7.547044770885443,33.33333
-28.36176703601801,-7.540655785392696,33.33333
-28.3379984112056,-7.5342667998999495,33.33333
-28.314229786393195,-7.527877814407203,33.33333
-28.290461161580787,-7.521488828914457,33.33333
-28.26669253676838,-7.5150998434217104,33.33333
-28.242923911955977,-7.508710857928964,33.33333
-28.219155287143572,-7.502321872436218,33.33333
-28.195386662331163,-7.495932886943471,33.33333
-28.17161803751876,-7.489543901450725,33.33333
-28.14784941270635,-7.483154915957979,33.33333
-28.124080787893945,-7.476765930465232,33.33333
-28.10031216308154,-7.470376944972486,33.33333
-28.07654353826913,-7.46398795947974,33.33333
-28.052774913456727,-7.457598973986993,33.33333
-28.029006288644318,-7.451209988494247,33.33333
-28.005237663831913,-7.4448210030015005,33.33333
-27.981469039019508,-7.438432017508754,33.33333
-27.957700414207103,-7.432043032016008,33.33333
-27.933931789394695,-7.425654046523261,33.33333
-27.91016316458229,-7.419265061030515,33.33333
-27.88639453976988,-7.412876075537769,33.33333
-27.862625914957476,-7.406487090045022,33.33333
-27.83885729014507,-7.400098104552276,33.33333
-27.815088665332663,-7.39370911905953,33.33333
-27.791320040520258,-7.387320133566783,33.33333
-27.767551415707853,-7.380931148074037,33.33333
-27.743782790895445,-7.374542162581291,33.33333
-27.72001416608304,-7.368153177088544,33.33333
-27.696245541270635,-7.361764191595798,33.33333
-27.672476916458226,-7.3553752061030515,33.33333
-27.64870829164582,-7.348986220610305,33.33333
-27.624939666833413,-7.342597235117559,33.33333
-27.601171042021008,-7.336208249624812,33.33333
-27.577402417208603,-7.329819264132066,33.33333
-27.553633792396198,-7.32343027863932,33.33333
-27.52986516758379,-7.317041293146573,33.33333
-27.506096542771385,-7.310652307653827,33.33333
-27.482327917958976,-7.304263322161081,33.33333
-27.45855929314657,-7.297874336668334,33.33333
-27.434790668334166,-7.291485351175588,33.33333
-27.411022043521758,-7.285096365682842,33.33333
-27.387253418709353,-7.278707380190095,33.33333
-27.363484793896944,-7.272318394697349,33.33333
-27.33971616908454,-7.2659294092046025,33.33333
-27.315947544272134,-7.259540423711856,33.33333
-27.29217891945973,-7.25315143821911,33.33333
-27.26841029464732,-7.246762452726363,33.33333
-27.244641669834916,-7.240373467233617,33.33333
-27.220873045022508,-7.233984481740871,33.33333
-27.197104420210103,-7.227595496248124,33.33333
-27.173335795397698,-7.221206510755378,33.33333
-27.149567170585293,-7.214817525262632,33.33333
-27.125798545772884,-7.208428539769885,33.33333
-27.10202992096048,-7.202039554277139,33.33333
-27.07826129614807,-7.195650568784393,33.33333
-27.054492671335666,-7.189261583291646,33.33333
-27.03072404652326,-7.1828725977989,33.33333
-27.006955421710853,-7.1764836123061535,33.33333
-26.983186796898448,-7.170094626813407,33.33333
-26.95941817208604,-7.163705641320661,33.33333
-26.935649547273634,-7.157316655827914,33.33333
-26.91188092246123,-7.150927670335168,33.33333
-26.888112297648824,-7.144538684842422,33.33333
-26.864343672836416,-7.138149699349675,33.33333
-26.84057504802401,-7.131760713856929,33.33333
-26.816806423211602,-7.125371728364183,33.33333
-26.793037798399197,-7.118982742871436,33.33333
-26.769269173586792,-7.11259375737869,33.33333
-26.745500548774384,-7.106204771885944,33.33333
-26.72173192396198,-7.099815786393197,33.33333
-26.69796329914957,-7.093426800900451,33.33333
-26.674194674337166,-7.0870378154077045,33.33333
-26.65042604952476,-7.080648829914957,33.33333
-26.626657424712356,-7.074259844422211,33.33333
-26.602888799899947,-7.0678708589294645,33.33333
-26.579120175087542,-7.061481873436718,33.33333
-26.555351550275134,-7.055092887943972,33.33333
-26.53158292546273,-7.0487039024512255,33.33333
-26.507814300650324,-7.042314916958479,33.33333
-26.48404567583792,-7.035925931465733,33.33333
-26.46027705102551,-7.029536945972986,33.33333
-26.436508426213106,-7.02314796048024,33.33333
-26.412739801400697,-7.016758974987494,33.33333
-26.388971176588292,-7.010369989494747,33.33333
-26.365202551775887,-7.003981004002001,33.33333
-26.34143392696348,-6.997592018509255,33.33333
-26.317665302151074,-6.991203033016508,33.33333
-26.293896677338665,-6.984814047523762,33.33333
-26.27012805252626,-6.9784250620310155,33.33333
-26.246359427713855,-6.972036076538269,33.33333
-26.22259080290145,-6.965647091045523,33.33333
-26.198822178089042,-6.9592581055527765,33.33333
-26.175053553276637,-6.95286912006003,33.33333
-26.15128492846423,-6.946480134567284,33.33333
-26.127516303651824,-6.940091149074537,33.33333
-26.10374767883942,-6.933702163581791,33.33333
-26.07997905402701,-6.927313178089045,33.33333
-26.056210429214605,-6.920924192596298,33.33333
-26.0324418044022,-6.914535207103552,33.33333
-26.008673179589792,-6.908146221610806,33.33333
-25.984904554777387,-6.901757236118059,33.33333
-25.961135929964982,-6.895368250625313,33.33333
-25.937367305152573,-6.8889792651325665,33.33333
-25.91359868034017,-6.88259027963982,33.33333
-25.88983005552776,-6.876201294147074,33.33333
-25.866061430715355,-6.8698123086543275,33.33333
-25.84229280590295,-6.863423323161581,33.33333
-25.818524181090545,-6.857034337668835,33.33333
-25.794755556278137,-6.850645352176088,33.33333
-25.770986931465732,-6.844256366683342,33.33333
-25.747218306653323,-6.837867381190596,33.33333
-25.72344968184092,-6.831478395697849,33.33333
-25.699681057028513,-6.825089410205103,33.33333
-25.675912432216105,-6.818700424712357,33.33333
-25.6521438074037,-6.812311439219609,33.33333
-25.62837518259129,-6.805922453726863,33.33333
-25.604606557778887,-6.799533468234117,33.33333
-25.58083793296648,-6.79314448274137,33.33333
-25.557069308154077,-6.786755497248624,33.33333
-25.53330068334167,-6.780366511755878,33.33333
-25.509532058529263,-6.773977526263131,33.33333
-25.485763433716855,-6.767588540770385,33.33333
-25.46199480890445,-6.7611995552776385,33.33333
-25.438226184092045,-6.754810569784892,33.33333
-25.414457559279636,-6.748421584292146,33.33333
-25.39068893446723,-6.742032598799399,33.33333
-25.366920309654827,-6.735643613306653,33.33333
-25.343151684842418,-6.729254627813907,33.33333
-25.319383060030013,-6.72286564232116,33.33333
-25.295614435217608,-6.716476656828414,33.33333
-25.2718458104052,-6.710087671335668,33.33333
-25.248077185592795,-6.703698685842921,33.33333
-25.224308560780386,-6.697309700350175,33.33333
-25.20053993596798,-6.690920714857429,33.33333
-25.176771311155576,-6.684531729364682,33.33333
-25.15300268634317,-6.678142743871936,33.33333
-25.129234061530763,-6.6717537583791895,33.33333
-25.105465436718358,-6.665364772886443,33.33333
-25.08169681190595,-6.658975787393697,33.33333
-25.057928187093545,-6.65258680190095,33.33333
-25.03415956228114,-6.646197816408204,33.33333
-25.01039093746873,-6.639808830915458,33.33333
-24.986622312656326,-6.633419845422711,33.33333
-24.962853687843918,-6.627030859929965,33.33333
-24.939085063031513,-6.620641874437219,33.33333
-24.915316438219108,-6.614252888944472,33.33333
-24.891547813406703,-6.607863903451726,33.33333
-24.867779188594294,-6.60147491795898,33.33333
-24.84401056378189,-6.595085932466233,33.33333
-24.82024193896948,-6.588696946973487,33.33333
-24.796473314157076,-6.5823079614807405,33.33333
-24.77270468934467,-6.575918975987994,33.33333
-24.748936064532266,-6.569529990495248,33.33333
-24.725167439719858,-6.563141005002501,33.33333
-24.70139881490745,-6.556752019509755,33.33333
-24.677630190095044,-6.550363034017009,33.33333
-24.65386156528264,-6.543974048524262,33.33333
-24.630092940470234,-6.537585063031516,33.33333
-24.606324315657826,-6.53119607753877,33.33333
-24.58255569084542,-6.524807092046023,33.33333
-24.558787066033013,-6.518418106553277,33.33333
-24.535018441220608,-6.512029121060531,33.33333
-24.511249816408203,-6.505640135567784,33.33333
-24.487481191595798,-6.499251150075038,33.33333
-24.46371256678339,-6.4928621645822915,33.33333
-24.43994394197098,-6.486473179089545,33.33333
-24.416175317158576,-6.480084193596799,33.33333
-24.39240669234617,-6.473695208104052,33.33333
-24.368638067533766,-6.467306222611306,33.33333
-24.34486944272136,-6.46091723711856,33.33333
-24.321100817908953,-6.454528251625813,33.33333
-24.297332193096544,-6.448139266133067,33.33333
-24.27356356828414,-6.441750280640321,33.33333
-24.249794943471734,-6.435361295147574,33.33333
-24.22602631865933,-6.428972309654828,33.33333
-24.20225769384692,-6.4225833241620816,33.33333
-24.178489069034516,-6.416194338669335,33.33333
-24.154720444222107,-6.409805353176589,33.33333
-24.130951819409702,-6.4034163676838425,33.33333
-24.107183194597297,-6.397027382191096,33.33333
-24.083414569784892,-6.39063839669835,33.33333
-24.059645944972484,-6.384249411205603,33.33333
-24.035877320160075,-6.377860425712857,33.33333
-24.01210869534767,-6.371471440220111,33.33333
-23.988340070535266,-6.365082454727364,33.33333
-23.96457144572286,-6.358693469234618,33.33333
-23.940802820910456,-6.352304483741872,33.33333
-23.917034196098047,-6.345915498249125,33.33333
-23.89326557128564,-6.339526512756379,33.33333
-23.869496946473234,-6.3331375272636325,33.33333
-23.84572832166083,-6.326748541770886,33.33333
-23.821959696848424,-6.32035955627814,33.33333
-23.798191072036015,-6.313970570785393,33.33333
-23.77442244722361,-6.307581585292646,33.33333
-23.750653822411202,-6.3011925997999,33.33333
-23.726885197598797,-6.2948036143071535,33.33333
-23.703116572786392,-6.288414628814407,33.33333
-23.679347947973987,-6.282025643321661,33.33333
-23.65557932316158,-6.2756366578289144,33.33333
-23.63181069834917,-6.269247672336168,33.33333
-23.608042073536765,-6.262858686843422,33.33333
-23.58427344872436,-6.256469701350675,33.33333
-23.560504823911955,-6.250080715857929,33.33333
-23.536736199099547,-6.243691730365183,33.33333
-23.512967574287142,-6.237302744872436,33.33333
-23.489198949474734,-6.23091375937969,33.33333
-23.46543032466233,-6.224524773886944,33.33333
-23.441661699849924,-6.218135788394197,33.33333
-23.41789307503752,-6.211746802901451,33.33333
-23.39412445022511,-6.2053578174087045,33.33333
-23.3703558254127,-6.198968831915958,33.33333
-23.346587200600297,-6.192579846423212,33.33333
-23.322818575787892,-6.186190860930465,33.33333
-23.299049950975487,-6.179801875437719,33.33333
-23.275281326163082,-6.173412889944973,33.33333
-23.251512701350673,-6.167023904452226,33.33333
-23.227744076538265,-6.16063491895948,33.33333
-23.20397545172586,-6.154245933466734,33.33333
-23.180206826913455,-6.147856947973987,33.33333
-23.15643820210105,-6.141467962481241,33.33333
-23.13266957728864,-6.135078976988495,33.33333
-23.108900952476237,-6.128689991495747,33.33333
-23.08513232766383,-6.122301006003001,33.33333
-23.061363702851423,-6.115912020510255,33.33333
-23.03759507803902,-6.109523035017508,33.33333
-23.013826453226613,-6.103134049524762,33.33333
-22.990057828414205,-6.0967450640320155,33.33333
-22.966289203601796,-6.090356078539269,33.33333
-22.94252057878939,-6.083967093046523,33.33333
-22.918751953976987,-6.0775781075537765,33.33333
-22.89498332916458,-6.07118912206103,33.33333
-22.871214704352173,-6.064800136568284,33.33333
-22.84744607953977,-6.058411151075537,33.33333
-22.82367745472736,-6.052022165582791,33.33333
-22.799908829914955,-6.045633180090045,33.33333
-22.77614020510255,-6.039244194597298,33.33333
-22.752371580290145,-6.032855209104552,33.33333
-22.728602955477736,-6.026466223611806,33.33333
-22.704834330665328,-6.020077238119059,33.33333
-22.681065705852923,-6.013688252626313,33.33333
-22.657297081040518,-6.0072992671335665,33.33333
-22.633528456228113,-6.00091028164082,33.33333
-22.609759831415708,-5.994521296148074,33.33333
-22.5859912066033,-5.9881323106553275,33.33333
-22.56222258179089,-5.981743325162581,33.33333
-22.538453956978486,-5.975354339669835,33.33333
-22.51468533216608,-5.968965354177088,33.33333
-22.490916707353676,-5.962576368684342,33.33333
-22.467148082541268,-5.956187383191596,33.33333
-22.443379457728863,-5.949798397698849,33.33333
-22.419610832916455,-5.943409412206103,33.33333
-22.39584220810405,-5.937020426713357,33.33333
-22.372073583291645,-5.93063144122061,33.33333
-22.34830495847924,-5.924242455727864,33.33333
-22.32453633366683,-5.9178534702351175,33.33333
-22.300767708854423,-5.911464484742371,33.33333
-22.276999084042018,-5.905075499249625,33.33333
-22.253230459229613,-5.8986865137568785,33.33333
-22.229461834417208,-5.892297528264132,33.33333
-22.2056932096048,-5.885908542771386,33.33333
-22.181924584792394,-5.879519557278639,33.33333
-22.158155959979986,-5.873130571785893,33.33333
-22.13438733516758,-5.866741586293147,33.33333
-22.110618710355176,-5.8603526008004,33.33333
-22.08685008554277,-5.853963615307654,33.33333
-22.063081460730363,-5.847574629814908,33.33333
-22.039312835917954,-5.841185644322161,33.33333
-22.01554421110555,-5.834796658829415,33.33333
-21.991775586293144,-5.8284076733366685,33.33333
-21.96800696148074,-5.822018687843922,33.33333
-21.944238336668334,-5.815629702351176,33.33333
-21.920469711855926,-5.8092407168584295,33.33333
-21.896701087043517,-5.802851731365683,33.33333
-21.872932462231113,-5.796462745872937,33.33333
-21.849163837418708,-5.79007376038019,33.33333
-21.825395212606303,-5.783684774887444,33.33333
-21.801626587793894,-5.777295789394698,33.33333
-21.77785796298149,-5.770906803901951,33.33333
-21.75408933816908,-5.764517818409205,33.33333
-21.730320713356676,-5.758128832916459,33.33333
-21.70655208854427,-5.751739847423712,33.33333
-21.682783463731866,-5.745350861930966,33.33333
-21.659014838919457,-5.7389618764382195,33.33333
-21.63524621410705,-5.732572890945473,33.33333
-21.611477589294644,-5.726183905452727,33.33333
-21.58770896448224,-5.7197949199599805,33.33333
-21.563940339669834,-5.713405934467234,33.33333
-21.54017171485743,-5.707016948974488,33.33333
-21.51640309004502,-5.700627963481741,33.33333
-21.492634465232612,-5.694238977988995,33.33333
-21.468865840420207,-5.687849992496249,33.33333
-21.445097215607802,-5.681461007003502,33.33333
-21.421328590795397,-5.675072021510756,33.33333
-21.39755996598299,-5.66868303601801,33.33333
-21.373791341170584,-5.662294050525263,33.33333
-21.350022716358176,-5.655905065032517,33.33333
-21.32625409154577,-5.6495160795397705,33.33333
-21.302485466733366,-5.643127094047024,33.33333
-21.27871684192096,-5.636738108554278,33.33333
-21.254948217108552,-5.6303491230615315,33.33333
-21.231179592296144,-5.623960137568785,33.33333
-21.20741096748374,-5.617571152076039,33.33333
-21.183642342671334,-5.611182166583292,33.33333
-21.15987371785893,-5.604793181090546,33.33333
-21.13610509304652,-5.5984041955978,33.33333
-21.112336468234115,-5.592015210105053,33.33333
-21.088567843421707,-5.585626224612306,33.33333
-21.064799218609302,-5.57923723911956,33.33333
-21.041030593796897,-5.572848253626813,33.33333
-21.017261968984492,-5.566459268134067,33.33333
-20.993493344172084,-5.560070282641321,33.33333
-20.969724719359675,-5.553681297148574,33.33333
-20.94595609454727,-5.547292311655828,33.33333
-20.922187469734865,-5.540903326163082,33.33333
-20.89841884492246,-5.534514340670335,33.33333
-20.874650220110055,-5.528125355177589,33.33333
-20.850881595297647,-5.5217363696848425,33.33333
-20.82711297048524,-5.515347384192096,33.33333
-20.803344345672834,-5.50895839869935,33.33333
-20.77957572086043,-5.502569413206603,33.33333
-20.755807096048024,-5.496180427713857,33.33333
-20.732038471235615,-5.489791442221111,33.33333
-20.70826984642321,-5.483402456728364,33.33333
-20.6845012216108,-5.477013471235618,33.33333
-20.660732596798397,-5.470624485742872,33.33333
-20.636963971985992,-5.464235500250125,33.33333
-20.613195347173587,-5.457846514757379,33.33333
-20.58942672236118,-5.451457529264633,33.33333
-20.56565809754877,-5.445068543771886,33.33333
-20.541889472736365,-5.43867955827914,33.33333
-20.51812084792396,-5.4322905727863935,33.33333
-20.494352223111555,-5.425901587293647,33.33333
-20.470583598299147,-5.419512601800901,33.33333
-20.44681497348674,-5.413123616308154,33.33333
-20.423046348674333,-5.406734630815408,33.33333
-20.39927772386193,-5.400345645322661,33.33333
-20.375509099049523,-5.3939566598299145,33.33333
-20.35174047423712,-5.387567674337168,33.33333
-20.32797184942471,-5.381178688844422,33.33333
-20.3042032246123,-5.374789703351675,33.33333
-20.280434599799896,-5.368400717858929,33.33333
-20.25666597498749,-5.362011732366183,33.33333
-20.232897350175087,-5.355622746873436,33.33333
-20.20912872536268,-5.34923376138069,33.33333
-20.185360100550273,-5.342844775887944,33.33333
-20.161591475737865,-5.336455790395197,33.33333
-20.13782285092546,-5.330066804902451,33.33333
-20.114054226113055,-5.3236778194097045,33.33333
-20.09028560130065,-5.317288833916958,33.33333
-20.06651697648824,-5.310899848424212,33.33333
-20.042748351675836,-5.3045108629314655,33.33333
-20.018979726863428,-5.298121877438719,33.33333
-19.995211102051023,-5.291732891945973,33.33333
-19.971442477238618,-5.285343906453226,33.33333
-19.947673852426213,-5.27895492096048,33.33333
-19.923905227613805,-5.272565935467734,33.33333
-19.900136602801396,-5.266176949974987,33.33333
-19.87636797798899,-5.259787964482241,33.33333
-19.852599353176586,-5.253398978989495,33.33333
-19.82883072836418,-5.247009993496748,33.33333
-19.805062103551773,-5.240621008004002,33.33333
-19.781293478739368,-5.2342320225112555,33.33333
-19.75752485392696,-5.227843037018509,33.33333
-19.733756229114555,-5.221454051525763,33.33333
-19.70998760430215,-5.2150650660330164,33.33333
-19.686218979489745,-5.20867608054027,33.33333
-19.662450354677336,-5.202287095047524,33.33333
-19.638681729864928,-5.195898109554777,33.33333
-19.614913105052523,-5.189509124062031,33.33333
-19.591144480240118,-5.183120138569285,33.33333
-19.567375855427713,-5.176731153076538,33.33333
-19.543607230615308,-5.170342167583792,33.33333
-19.5198386058029,-5.163953182091046,33.33333
-19.49606998099049,-5.157564196598299,33.33333
-19.472301356178086,-5.151175211105553,33.33333
-19.44853273136568,-5.1447862256128065,33.33333
-19.424764106553276,-5.13839724012006,33.33333
-19.400995481740868,-5.132008254627314,33.33333
-19.377226856928463,-5.1256192691345674,33.33333
-19.353458232116054,-5.119230283641821,33.33333
-19.32968960730365,-5.112841298149075,33.33333
-19.305920982491244,-5.106452312656328,33.33333
-19.28215235767884,-5.100063327163582,33.33333
-19.25838373286643,-5.093674341670836,33.33333
-19.234615108054022,-5.087285356178089,33.33333
-19.210846483241617,-5.080896370685343,33.33333
-19.187077858429213,-5.074507385192597,33.33333
-19.163309233616808,-5.06811839969985,33.33333
-19.139540608804403,-5.061729414207104,33.33333
-19.115771983991994,-5.0553404287143575,33.33333
-19.092003359179586,-5.048951443221611,33.33333
-19.06823473436718,-5.042562457728865,33.33333
-19.044466109554776,-5.036173472236118,33.33333
-19.02069748474237,-5.029784486743372,33.33333
-18.996928859929962,-5.023395501250626,33.33333
-18.973160235117557,-5.017006515757879,33.33333
-18.94939161030515,-5.010617530265133,33.33333
-18.925622985492744,-5.004228544772387,33.33333
-18.90185436068034,-4.99783955927964,33.33333
-18.878085735867934,-4.991450573786894,33.33333
-18.854317111055526,-4.985061588294148,33.33333
-18.830548486243117,-4.978672602801401,33.33333
-18.806779861430712,-4.972283617308655,33.33333
-18.783011236618307,-4.9658946318159085,33.33333
-18.759242611805902,-4.959505646323162,33.33333
-18.735473986993494,-4.953116660830416,33.33333
-18.71170536218109,-4.946727675337669,33.33333
-18.68793673736868,-4.940338689844923,33.33333
-18.664168112556276,-4.933949704352177,33.33333
-18.64039948774387,-4.92756071885943,33.33333
-18.616630862931466,-4.921171733366684,33.33333
-18.592862238119057,-4.914782747873938,33.33333
-18.56909361330665,-4.908393762381191,33.33333
-18.545324988494244,-4.902004776888445,33.33333
-18.52155636368184,-4.895615791395699,33.33333
-18.497787738869434,-4.889226805902952,33.33333
-18.47401911405703,-4.882837820410206,33.33333
-18.45025048924462,-4.8764488349174595,33.33333
-18.426481864432212,-4.870059849424713,33.33333
-18.402713239619807,-4.863670863931967,33.33333
-18.378944614807402,-4.8572818784392195,33.33333
-18.355175989994997,-4.850892892946473,33.33333
-18.33140736518259,-4.844503907453727,33.33333
-18.307638740370184,-4.8381149219609805,33.33333
-18.283870115557775,-4.831725936468234,33.33333
-18.26010149074537,-4.825336950975488,33.33333
-18.236332865932965,-4.818947965482741,33.33333
-18.21256424112056,-4.812558979989995,33.33333
-18.188795616308152,-4.806169994497249,33.33333
-18.165026991495743,-4.799781009004502,33.33333
-18.14125836668334,-4.793392023511756,33.33333
-18.117489741870934,-4.78700303801901,33.33333
-18.09372111705853,-4.780614052526263,33.33333
-18.06995249224612,-4.774225067033517,33.33333
-18.046183867433715,-4.7678360815407705,33.33333
-18.022415242621307,-4.761447096048024,33.33333
-17.9986466178089,-4.755058110555278,33.33333
-17.974877992996497,-4.7486691250625315,33.33333
-17.951109368184092,-4.742280139569785,33.33333
-17.927340743371683,-4.735891154077039,33.33333
-17.903572118559275,-4.729502168584292,33.33333
-17.87980349374687,-4.723113183091546,33.33333
-17.856034868934465,-4.7167241975988,33.33333
-17.83226624412206,-4.710335212106053,33.33333
-17.808497619309655,-4.703946226613307,33.33333
-17.784728994497247,-4.697557241120561,33.33333
-17.760960369684838,-4.691168255627814,33.33333
-17.737191744872433,-4.684779270135068,33.33333
-17.71342312006003,-4.6783902846423215,33.33333
-17.689654495247623,-4.672001299149575,33.33333
-17.665885870435215,-4.665612313656829,33.33333
-17.64211724562281,-4.6592233281640825,33.33333
-17.6183486208104,-4.652834342671336,33.33333
-17.594579995997996,-4.64644535717859,33.33333
-17.57081137118559,-4.640056371685843,33.33333
-17.547042746373187,-4.633667386193097,33.33333
-17.523274121560778,-4.627278400700351,33.33333
-17.49950549674837,-4.620889415207604,33.33333
-17.475736871935965,-4.614500429714858,33.33333
-17.45196824712356,-4.608111444222112,33.33333
-17.428199622311155,-4.601722458729365,33.33333
-17.404430997498746,-4.595333473236619,33.33333
-17.38066237268634,-4.5889444877438725,33.33333
-17.356893747873933,-4.582555502251125,33.33333
-17.333125123061528,-4.576166516758379,33.33333
-17.309356498249123,-4.569777531265633,33.33333
-17.285587873436718,-4.563388545772886,33.33333
-17.26181924862431,-4.55699956028014,33.33333
-17.2380506238119,-4.5506105747873935,33.33333
-17.214281998999496,-4.544221589294647,33.33333
-17.19051337418709,-4.537832603801901,33.33333
-17.166744749374686,-4.531443618309154,33.33333
-17.14297612456228,-4.525054632816408,33.33333
-17.119207499749873,-4.518665647323662,33.33333
-17.095438874937464,-4.512276661830915,33.33333
-17.07167025012506,-4.505887676338169,33.33333
-17.047901625312655,-4.499498690845423,33.33333
-17.02413300050025,-4.493109705352676,33.33333
-17.00036437568784,-4.48672071985993,33.33333
-16.976595750875436,-4.480331734367184,33.33333
-16.952827126063028,-4.473942748874437,33.33333
-16.929058501250623,-4.467553763381691,33.33333
-16.905289876438218,-4.4611647778889445,33.33333
-16.88152125162581,-4.454775792396198,33.33333
-16.857752626813404,-4.448386806903452,33.33333
-16.833984002001,-4.441997821410705,33.33333
-16.81021537718859,-4.435608835917959,33.33333
-16.786446752376186,-4.429219850425213,33.33333
-16.76267812756378,-4.422830864932466,33.33333
-16.738909502751373,-4.41644187943972,33.33333
-16.715140877938968,-4.410052893946974,33.33333
-16.691372253126563,-4.403663908454227,33.33333
-16.667603628314154,-4.397274922961481,33.33333
-16.64383500350175,-4.390885937468735,33.33333
-16.62006637868934,-4.384496951975988,33.33333
-16.596297753876936,-4.378107966483242,33.33333
-16.57252912906453,-4.3717189809904955,33.33333
-16.548760504252122,-4.365329995497749,33.33333
-16.524991879439717,-4.358941010005003,33.33333
-16.501223254627313,-4.352552024512256,33.33333
-16.477454629814904,-4.34616303901951,33.33333
-16.4536860050025,-4.339774053526764,33.33333
-16.429917380190094,-4.333385068034017,33.33333
-16.406148755377686,-4.326996082541271,33.33333
-16.38238013056528,-4.320607097048525,33.33333
-16.358611505752876,-4.314218111555778,33.33333
-16.334842880940467,-4.307829126063032,33.33333
-16.311074256128062,-4.301440140570286,33.33333
-16.287305631315654,-4.295051155077539,33.33333
-16.26353700650325,-4.288662169584793,33.33333
-16.239768381690844,-4.2822731840920465,33.33333
-16.215999756878436,-4.2758841985993,33.33333
-16.19223113206603,-4.269495213106554,33.33333
-16.168462507253626,-4.263106227613807,33.33333
-16.144693882441217,-4.256717242121061,33.33333
-16.120925257628812,-4.250328256628315,33.33333
-16.097156632816407,-4.243939271135568,33.33333
-16.073388008004,-4.237550285642822,33.33333
-16.049619383191594,-4.231161300150076,33.33333
-16.02585075837919,-4.224772314657329,33.33333
-16.00208213356678,-4.218383329164582,33.33333
-15.978313508754376,-4.211994343671836,33.33333
-15.954544883941967,-4.205605358179089,33.33333
-15.930776259129562,-4.199216372686343,33.33333
-15.907007634317157,-4.192827387193597,33.33333
-15.883239009504749,-4.18643840170085,33.33333
-15.859470384692344,-4.180049416208104,33.33333
-15.835701759879939,-4.1736604307153575,33.33333
-15.81193313506753,-4.167271445222611,33.33333
-15.788164510255125,-4.160882459729865,33.33333
-15.76439588544272,-4.1544934742371185,33.33333
-15.740627260630312,-4.148104488744372,33.33333
-15.716858635817907,-4.141715503251626,33.33333
-15.693090011005502,-4.135326517758879,33.33333
-15.669321386193094,-4.128937532266133,33.33333
-15.645552761380689,-4.122548546773387,33.33333
-15.621784136568284,-4.11615956128064,33.33333
-15.598015511755875,-4.109770575787894,33.33333
-15.57424688694347,-4.103381590295148,33.33333
-15.550478262131062,-4.096992604802401,33.33333
-15.526709637318657,-4.090603619309655,33.33333
-15.502941012506252,-4.0842146338169085,33.33333
-15.479172387693843,-4.077825648324162,33.33333
-15.455403762881438,-4.071436662831416,33.33333
-15.431635138069034,-4.0650476773386695,33.33333
-15.407866513256625,-4.058658691845923,33.33333
-15.38409788844422,-4.052269706353177,33.33333
-15.360329263631815,-4.04588072086043,33.33333
-15.336560638819407,-4.039491735367684,33.33333
-15.312792014007002,-4.033102749874938,33.33333
-15.289023389194597,-4.026713764382191,33.33333
-15.265254764382188,-4.020324778889445,33.33333
-15.241486139569783,-4.013935793396699,33.33333
-15.217717514757375,-4.007546807903952,33.33333
-15.19394888994497,-4.001157822411206,33.33333
-15.170180265132565,-3.9947688369184595,33.33333
-15.146411640320157,-3.988379851425713,33.33333
-15.122643015507752,-3.981990865932967,33.33333
-15.098874390695347,-3.9756018804402204,33.33333
-15.075105765882938,-3.969212894947474,33.33333
-15.051337141070533,-3.9628239094547277,33.33333
-15.027568516258128,-3.9564349239619814,33.33333
-15.00379989144572,-3.950045938469235,33.33333
-14.980031266633315,-3.9436569529764887,33.33333
-14.95626264182091,-3.9372679674837423,33.33333
-14.932494017008501,-3.930878981990996,33.33333
-14.908725392196096,-3.9244899964982496,33.33333
-14.884956767383688,-3.9181010110055032,33.33333
-14.861188142571283,-3.911712025512757,33.33333
-14.837419517758878,-3.9053230400200105,33.33333
-14.81365089294647,-3.898934054527264,33.33333
-14.789882268134065,-3.892545069034518,33.33333
-14.76611364332166,-3.8861560835417714,33.33333
-14.742345018509251,-3.879767098049025,33.33333
-14.718576393696846,-3.8733781125562787,33.33333
-14.694807768884441,-3.8669891270635324,33.33333
-14.671039144072033,-3.860600141570785,33.33333
-14.647270519259628,-3.8542111560780388,33.33333
-14.623501894447223,-3.8478221705852924,33.33333
-14.599733269634815,-3.841433185092546,33.33333
-14.57596464482241,-3.8350441995997997,33.33333
-14.552196020010001,-3.8286552141070533,33.33333
-14.528427395197596,-3.822266228614307,33.33333
-14.504658770385191,-3.8158772431215606,33.33333
-14.480890145572783,-3.8094882576288143,33.33333
-14.457121520760378,-3.803099272136068,33.33333
-14.433352895947973,-3.7967102866433216,33.33333
-14.409584271135564,-3.790321301150575,33.33333
-14.38581564632316,-3.783932315657829,33.33333
-14.362047021510755,-3.7775433301650825,33.33333
-14.338278396698346,-3.771154344672336,33.33333
-14.314509771885941,-3.7647653591795898,33.33333
-14.290741147073536,-3.7583763736868434,33.33333
-14.266972522261128,-3.751987388194097,33.33333
-14.243203897448723,-3.7455984027013507,33.33333
-14.219435272636314,-3.7392094172086043,33.33333
-14.19566664782391,-3.732820431715858,33.33333
-14.171898023011504,-3.7264314462231116,33.33333
-14.148129398199096,-3.7200424607303653,33.33333
-14.124360773386691,-3.713653475237619,33.33333
-14.100592148574286,-3.7072644897448725,33.33333
-14.076823523761878,-3.700875504252126,33.33333
-14.053054898949473,-3.69448651875938,33.33333
-14.029286274137068,-3.6880975332666335,33.33333
-14.00551764932466,-3.681708547773887,33.33333
-13.981749024512254,-3.6753195622811408,33.33333
-13.95798039969985,-3.6689305767883944,33.33333
-13.93421177488744,-3.662541591295648,33.33333
-13.910443150075036,-3.6561526058029017,33.33333
-13.886674525262627,-3.6497636203101553,33.33333
-13.862905900450222,-3.643374634817409,33.33333
-13.839137275637817,-3.6369856493246626,33.33333
-13.815368650825409,-3.6305966638319163,33.33333
-13.791600026013004,-3.62420767833917,33.33333
-13.7678314012006,-3.6178186928464235,33.33333
-13.74406277638819,-3.611429707353677,33.33333
-13.720294151575786,-3.605040721860931,33.33333
-13.69652552676338,-3.5986517363681845,33.33333
-13.672756901950972,-3.592262750875438,33.33333
-13.648988277138567,-3.5858737653826918,33.33333
-13.625219652326162,-3.5794847798899454,33.33333
-13.601451027513754,-3.573095794397199,33.33333
-13.577682402701349,-3.5667068089044527,33.33333
-13.55391377788894,-3.5603178234117063,33.33333
-13.530145153076536,-3.55392883791896,33.33333
-13.50637652826413,-3.5475398524262136,33.33333
-13.482607903451722,-3.5411508669334673,33.33333
-13.458839278639317,-3.534761881440721,33.33333
-13.435070653826912,-3.5283728959479745,33.33333
-13.411302029014504,-3.521983910455228,33.33333
-13.387533404202099,-3.515594924962482,33.33333
-13.363764779389694,-3.5092059394697355,33.33333
-13.339996154577285,-3.502816953976989,33.33333
-13.31622752976488,-3.496427968484242,33.33333
-13.292458904952476,-3.4900389829914955,33.33333
-13.268690280140067,-3.483649997498749,33.33333
-13.244921655327662,-3.477261012006003,33.33333
-13.221153030515257,-3.4708720265132564,33.33333
-13.197384405702849,-3.46448304102051,33.33333
-13.173615780890444,-3.4580940555277637,33.33333
-13.149847156078035,-3.4517050700350174,33.33333
-13.12607853126563,-3.445316084542271,33.33333
-13.102309906453225,-3.4389270990495246,33.33333
-13.078541281640817,-3.4325381135567783,33.33333
-13.054772656828412,-3.426149128064032,33.33333
-13.031004032016007,-3.4197601425712856,33.33333
-13.007235407203598,-3.413371157078539,33.33333
-12.983466782391194,-3.406982171585793,33.33333
-12.959698157578789,-3.4005931860930465,33.33333
-12.93592953276638,-3.3942042006003,33.33333
-12.912160907953975,-3.387815215107554,33.33333
-12.88839228314157,-3.3814262296148074,33.33333
-12.864623658329162,-3.375037244122061,33.33333
-12.840855033516757,-3.3686482586293147,33.33333
-12.817086408704348,-3.3622592731365684,33.33333
-12.793317783891943,-3.355870287643822,33.33333
-12.769549159079538,-3.3494813021510756,33.33333
-12.74578053426713,-3.3430923166583293,33.33333
-12.722011909454725,-3.336703331165583,33.33333
-12.69824328464232,-3.3303143456728366,33.33333
-12.674474659829912,-3.32392536018009,33.33333
-12.650706035017507,-3.317536374687344,33.33333
-12.626937410205102,-3.3111473891945975,33.33333
-12.603168785392693,-3.304758403701851,33.33333
-12.579400160580288,-3.298369418209105,33.33333
-12.555631535767883,-3.2919804327163584,33.33333
-12.531862910955475,-3.285591447223612,33.33333
-12.50809428614307,-3.2792024617308657,33.33333
-12.484325661330661,-3.2728134762381194,33.33333
-12.460557036518257,-3.266424490745373,33.33333
-12.436788411705852,-3.2600355052526266,33.33333
-12.413019786893443,-3.2536465197598803,33.33333
-12.389251162081038,-3.247257534267134,33.33333
-12.365482537268633,-3.2408685487743876,33.33333
-12.341713912456225,-3.234479563281641,33.33333
-12.31794528764382,-3.228090577788895,33.33333
-12.294176662831415,-3.2217015922961485,33.33333
-12.270408038019006,-3.215312606803402,33.33333
-12.246639413206601,-3.208923621310656,33.33333
-12.222870788394196,-3.2025346358179094,33.33333
-12.199102163581788,-3.196145650325163,33.33333
-12.175333538769383,-3.1897566648324167,33.33333
-12.151564913956975,-3.1833676793396704,33.33333
-12.12779628914457,-3.176978693846924,33.33333
-12.104027664332165,-3.1705897083541776,33.33333
-12.080259039519756,-3.1642007228614313,33.33333
-12.056490414707351,-3.157811737368685,33.33333
-12.032721789894946,-3.1514227518759386,33.33333
-12.008953165082538,-3.145033766383192,33.33333
-11.985184540270133,-3.138644780890446,33.33333
-11.961415915457728,-3.1322557953976986,33.33333
-11.93764729064532,-3.1258668099049522,33.33333
-11.913878665832915,-3.119477824412206,33.33333
-11.89011004102051,-3.1130888389194595,33.33333
-11.866341416208101,-3.106699853426713,33.33333
-11.842572791395696,-3.100310867933967,33.33333
-11.818804166583288,-3.0939218824412205,33.33333
-11.795035541770883,-3.087532896948474,33.33333
-11.771266916958478,-3.0811439114557277,33.33333
-11.74749829214607,-3.0747549259629814,33.33333
-11.723729667333664,-3.068365940470235,33.33333
-11.69996104252126,-3.0619769549774887,33.33333
-11.676192417708851,-3.0555879694847423,33.33333
-11.652423792896446,-3.049198983991996,33.33333
-11.628655168084041,-3.0428099984992496,33.33333
-11.604886543271633,-3.0364210130065032,33.33333
-11.581117918459228,-3.030032027513757,33.33333
-11.557349293646823,-3.0236430420210105,33.33333
-11.533580668834414,-3.017254056528264,33.33333
-11.50981204402201,-3.010865071035518,33.33333
-11.4860434192096,-3.0044760855427715,33.33333
-11.462274794397196,-2.998087100050025,33.33333
-11.438506169584791,-2.9916981145572787,33.33333
-11.414737544772382,-2.9853091290645324,33.33333
-11.390968919959978,-2.978920143571786,33.33333
-11.367200295147573,-2.9725311580790397,33.33333
-11.343431670335164,-2.9661421725862933,33.33333
-11.31966304552276,-2.959753187093547,33.33333
-11.295894420710354,-2.9533642016008006,33.33333
-11.272125795897946,-2.9469752161080542,33.33333
-11.24835717108554,-2.940586230615308,33.33333
-11.224588546273136,-2.9341972451225615,33.33333
-11.200819921460727,-2.927808259629815,33.33333
-11.177051296648322,-2.921419274137069,33.33333
-11.153282671835914,-2.9150302886443225,33.33333
-11.129514047023509,-2.908641303151576,33.33333
-11.105745422211104,-2.9022523176588297,33.33333
-11.081976797398696,-2.8958633321660834,33.33333
-11.05820817258629,-2.889474346673337,33.33333
-11.034439547773886,-2.8830853611805907,33.33333
-11.010670922961477,-2.8766963756878443,33.33333
-10.986902298149072,-2.870307390195098,33.33333
-10.963133673336667,-2.8639184047023516,33.33333
-10.939365048524259,-2.8575294192096052,33.33333
-10.915596423711854,-2.851140433716859,33.33333
-10.891827798899449,-2.8447514482241125,33.33333
-10.86805917408704,-2.838362462731366,33.33333
-10.844290549274636,-2.83197347723862,33.33333
-10.82052192446223,-2.8255844917458734,33.33333
-10.796753299649822,-2.819195506253127,33.33333
-10.772984674837417,-2.8128065207603807,33.33333
-10.749216050025009,-2.8064175352676344,33.33333
-10.725447425212604,-2.800028549774888,33.33333
-10.701678800400199,-2.7936395642821417,33.33333
-10.67791017558779,-2.7872505787893953,33.33333
-10.654141550775385,-2.780861593296649,33.33333
-10.63037292596298,-2.7744726078039026,33.33333
-10.606604301150572,-2.7680836223111553,33.33333
-10.582835676338167,-2.761694636818409,33.33333
-10.559067051525762,-2.7553056513256626,33.33333
-10.535298426713354,-2.7489166658329163,33.33333
-10.511529801900949,-2.74252768034017,33.33333
-10.487761177088544,-2.7361386948474236,33.33333
-10.463992552276135,-2.729749709354677,33.33333
-10.44022392746373,-2.723360723861931,33.33333
-10.416455302651322,-2.7169717383691845,33.33333
-10.392686677838917,-2.710582752876438,33.33333
-10.368918053026512,-2.7041937673836918,33.33333
-10.345149428214103,-2.6978047818909454,33.33333
-10.321380803401699,-2.691415796398199,33.33333
-10.297612178589294,-2.6850268109054527,33.33333
-10.273843553776885,-2.6786378254127063,33.33333
-10.25007492896448,-2.67224883991996,33.33333
-10.226306304152075,-2.6658598544272136,33.33333
-10.202537679339667,-2.6594708689344673,33.33333
-10.178769054527262,-2.653081883441721,33.33333
-10.155000429714857,-2.6466928979489746,33.33333
-10.131231804902448,-2.640303912456228,33.33333
-10.107463180090043,-2.633914926963482,33.33333
-10.083694555277635,-2.6275259414707355,33.33333
-10.05992593046523,-2.621136955977989,33.33333
-10.036157305652825,-2.6147479704852428,33.33333
-10.012388680840417,-2.6083589849924964,33.33333
-9.988620056028012,-2.60196999949975,33.33333
-9.964851431215607,-2.5955810140070037,33.33333
-9.941082806403198,-2.5891920285142573,33.33333
-9.917314181590793,-2.582803043021511,33.33333
-9.893545556778388,-2.5764140575287646,33.33333
-9.86977693196598,-2.5700250720360183,33.33333
-9.846008307153575,-2.563636086543272,33.33333
-9.82223968234117,-2.5572471010505256,33.33333
-9.798471057528761,-2.550858115557779,33.33333
-9.774702432716357,-2.544469130065033,33.33333
-9.750933807903948,-2.5380801445722865,33.33333
-9.727165183091543,-2.53169115907954,33.33333
-9.703396558279138,-2.5253021735867938,33.33333
-9.67962793346673,-2.5189131880940474,33.33333
-9.655859308654325,-2.512524202601301,33.33333
-9.63209068384192,-2.5061352171085547,33.33333
-9.608322059029511,-2.4997462316158083,33.33333
-9.584553434217106,-2.493357246123062,33.33333
-9.560784809404701,-2.4869682606303156,33.33333
-9.537016184592293,-2.4805792751375693,33.33333
-9.513247559779888,-2.474190289644823,33.33333
-9.489478934967483,-2.4678013041520765,33.33333
-9.465710310155075,-2.46141231865933,33.33333
-9.44194168534267,-2.455023333166584,33.33333
-9.418173060530261,-2.4486343476738375,33.33333
-9.394404435717856,-2.442245362181091,33.33333
-9.370635810905451,-2.4358563766883448,33.33333
-9.346867186093043,-2.4294673911955984,33.33333
-9.323098561280638,-2.423078405702852,33.33333
-9.299329936468233,-2.4166894202101057,33.33333
-9.275561311655824,-2.4103004347173593,33.33333
-9.25179268684342,-2.403911449224612,33.33333
-9.228024062031015,-2.3975224637318657,33.33333
-9.204255437218606,-2.3911334782391194,33.33333
-9.180486812406201,-2.384744492746373,33.33333
-9.156718187593796,-2.3783555072536267,33.33333
-9.132949562781388,-2.3719665217608803,33.33333
-9.109180937968983,-2.365577536268134,33.33333
-9.085412313156574,-2.3591885507753876,33.33333
-9.06164368834417,-2.3527995652826412,33.33333
-9.037875063531764,-2.346410579789895,33.33333
-9.014106438719356,-2.3400215942971485,33.33333
-8.990337813906951,-2.333632608804402,33.33333
-8.966569189094546,-2.327243623311656,33.33333
-8.942800564282138,-2.3208546378189094,33.33333
-8.919031939469733,-2.314465652326163,33.33333
-8.895263314657328,-2.3080766668334167,33.33333
-8.87149468984492,-2.3016876813406704,33.33333
-8.847726065032514,-2.295298695847924,33.33333
-8.82395744022011,-2.2889097103551777,33.33333
-8.8001888154077,-2.2825207248624313,33.33333
-8.776420190595296,-2.276131739369685,33.33333
-8.752651565782887,-2.2697427538769386,33.33333
-8.728882940970482,-2.263353768384192,33.33333
-8.705114316158078,-2.256964782891446,33.33333
-8.681345691345669,-2.2505757973986995,33.33333
-8.657577066533264,-2.244186811905953,33.33333
-8.63380844172086,-2.237797826413207,33.33333
-8.61003981690845,-2.2314088409204604,33.33333
-8.586271192096046,-2.225019855427714,33.33333
-8.56250256728364,-2.2186308699349677,33.33333
-8.538733942471232,-2.2122418844422214,33.33333
-8.514965317658827,-2.205852898949475,33.33333
-8.491196692846422,-2.1994639134567286,33.33333
-8.467428068034014,-2.1930749279639823,33.33333
-8.443659443221609,-2.186685942471236,33.33333
-8.419890818409204,-2.1802969569784896,33.33333
-8.396122193596796,-2.173907971485743,33.33333
-8.37235356878439,-2.167518985992997,33.33333
-8.348584943971982,-2.1611300005002505,33.33333
-8.324816319159577,-2.154741015007504,33.33333
-8.301047694347172,-2.148352029514758,33.33333
-8.277279069534764,-2.1419630440220114,33.33333
-8.253510444722359,-2.135574058529265,33.33333
-8.229741819909954,-2.1291850730365187,33.33333
-8.205973195097545,-2.1227960875437724,33.33333
-8.18220457028514,-2.116407102051026,33.33333
-8.158435945472736,-2.1100181165582796,33.33333
-8.134667320660327,-2.1036291310655333,33.33333
-8.110898695847922,-2.097240145572787,33.33333
-8.087130071035517,-2.0908511600800406,33.33333
-8.063361446223109,-2.084462174587294,33.33333
-8.039592821410704,-2.078073189094548,33.33333
-8.015824196598295,-2.0716842036018015,33.33333
-7.99205557178589,-2.065295218109055,33.33333
-7.968286946973485,-2.058906232616309,33.33333
-7.944518322161077,-2.0525172471235624,33.33333
-7.920749697348672,-2.046128261630816,33.33333
-7.896981072536267,-2.039739276138069,33.33333
-7.8732124477238585,-2.0333502906453225,33.33333
-7.849443822911454,-2.026961305152576,33.33333
-7.825675198099049,-2.0205723196598298,33.33333
-7.80190657328664,-2.0141833341670834,33.33333
-7.778137948474235,-2.007794348674337,33.33333
-7.75436932366183,-2.0014053631815907,33.33333
-7.730600698849422,-1.9950163776888443,33.33333
-7.706832074037017,-1.988627392196098,33.33333
-7.683063449224608,-1.9822384067033516,33.33333
-7.659294824412203,-1.9758494212106053,33.33333
-7.6355261995997985,-1.969460435717859,33.33333
-7.61175757478739,-1.9630714502251125,33.33333
-7.587988949974985,-1.9566824647323662,33.33333
-7.56422032516258,-1.9502934792396198,33.33333
-7.540451700350172,-1.9439044937468735,33.33333
-7.516683075537767,-1.937515508254127,33.33333
-7.492914450725362,-1.9311265227613807,33.33333
-7.469145825912953,-1.9247375372686344,33.33333
-7.445377201100548,-1.918348551775888,33.33333
-7.421608576288143,-1.9119595662831417,33.33333
-7.397839951475735,-1.9055705807903953,33.33333
-7.37407132666333,-1.899181595297649,33.33333
-7.3503027018509215,-1.8927926098049026,33.33333
-7.326534077038517,-1.8864036243121562,33.33333
-7.302765452226112,-1.88001463881941,33.33333
-7.278996827413703,-1.8736256533266635,33.33333
-7.255228202601298,-1.8672366678339172,33.33333
-7.231459577788893,-1.8608476823411708,33.33333
-7.207690952976485,-1.8544586968484245,33.33333
-7.18392232816408,-1.848069711355678,33.33333
-7.160153703351675,-1.8416807258629317,33.33333
-7.136385078539266,-1.8352917403701854,33.33333
-7.1126164537268615,-1.828902754877439,33.33333
-7.0888478289144565,-1.8225137693846927,33.33333
-7.065079204102048,-1.8161247838919463,33.33333
-7.041310579289643,-1.8097357983992,33.33333
-7.017541954477235,-1.8033468129064536,33.33333
-6.99377332966483,-1.7969578274137072,33.33333
-6.970004704852425,-1.7905688419209609,33.33333
-6.946236080040016,-1.7841798564282145,33.33333
-6.922467455227611,-1.7777908709354682,33.33333
-6.898698830415206,-1.7714018854427218,33.33333
-6.874930205602798,-1.7650128999499755,33.33333
-6.851161580790393,-1.758623914457229,33.33333
-6.827392955977988,-1.7522349289644827,33.33333
-6.8036243311655795,-1.7458459434717364,33.33333
-6.779855706353175,-1.73945695797899,33.33333
-6.75608708154077,-1.7330679724862437,33.33333
-6.732318456728361,-1.7266789869934973,33.33333
-6.708549831915956,-1.720290001500751,33.33333
-6.684781207103548,-1.7139010160080046,33.33333
-6.661012582291143,-1.7075120305152582,33.33333
-6.637243957478738,-1.7011230450225119,33.33333
-6.613475332666329,-1.6947340595297655,33.33333
-6.589706707853924,-1.6883450740370192,33.33333
-6.5659380830415195,-1.6819560885442728,33.33333
-6.542169458229111,-1.6755671030515256,33.33333
-6.518400833416706,-1.6691781175587792,33.33333
-6.494632208604301,-1.6627891320660328,33.33333
-6.470863583791893,-1.6564001465732865,33.33333
-6.447094958979488,-1.6500111610805401,33.33333
-6.423326334167083,-1.6436221755877938,33.33333
-6.399557709354674,-1.6372331900950474,33.33333
-6.375789084542269,-1.630844204602301,33.33333
-6.352020459729861,-1.6244552191095547,33.33333
-6.328251834917456,-1.6180662336168083,33.33333
-6.304483210105051,-1.611677248124062,33.33333
-6.2807145852926425,-1.6052882626313156,33.33333
-6.2569459604802375,-1.5988992771385693,33.33333
-6.233177335667833,-1.592510291645823,33.33333
-6.209408710855424,-1.5861213061530766,33.33333
-6.185640086043019,-1.5797323206603302,33.33333
-6.161871461230614,-1.5733433351675838,33.33333
-6.138102836418206,-1.5669543496748375,33.33333
-6.114334211605801,-1.5605653641820911,33.33333
-6.090565586793396,-1.5541763786893448,33.33333
-6.066796961980987,-1.5477873931965984,33.33333
-6.0430283371685825,-1.541398407703852,33.33333
-6.0192597123561775,-1.5350094222111057,33.33333
-5.995491087543769,-1.5286204367183593,33.33333
-5.971722462731364,-1.522231451225613,33.33333
-5.947953837918956,-1.5158424657328666,33.33333
-5.924185213106551,-1.5094534802401203,33.33333
-5.900416588294146,-1.503064494747374,33.33333
-5.876647963481737,-1.4966755092546276,33.33333
-5.852879338669332,-1.4902865237618812,33.33333
-5.829110713856927,-1.4838975382691348,33.33333
-5.805342089044519,-1.4775085527763885,33.33333
-5.781573464232114,-1.4711195672836421,33.33333
-5.757804839419709,-1.4647305817908958,33.33333
-5.7340362146073005,-1.4583415962981494,33.33333
-5.710267589794896,-1.451952610805403,33.33333
-5.686498964982491,-1.4455636253126567,33.33333
-5.662730340170082,-1.4391746398199103,33.33333
-5.638961715357677,-1.432785654327164,33.33333
-5.615193090545269,-1.4263966688344176,33.33333
-5.591424465732864,-1.4200076833416713,33.33333
-5.567655840920459,-1.413618697848925,33.33333
-5.54388721610805,-1.4072297123561786,33.33333
-5.520118591295645,-1.4008407268634322,33.33333
-5.4963499664832405,-1.3944517413706858,33.33333
-5.472581341670832,-1.3880627558779395,33.33333
-5.448812716858427,-1.3816737703851931,33.33333
-5.425044092046022,-1.3752847848924468,33.33333
-5.401275467233614,-1.3688957993997004,33.33333
-5.377506842421209,-1.362506813906954,33.33333
-5.353738217608804,-1.3561178284142077,33.33333
-5.329969592796395,-1.3497288429214613,33.33333
-5.30620096798399,-1.343339857428715,33.33333
-5.282432343171582,-1.3369508719359686,33.33333
-5.258663718359177,-1.3305618864432223,33.33333
-5.234895093546772,-1.324172900950476,33.33333
-5.2111264687343635,-1.3177839154577295,33.33333
-5.1873578439219585,-1.3113949299649823,33.33333
-5.163589219109554,-1.305005944472236,33.33333
-5.139820594297145,-1.2986169589794896,33.33333
-5.11605196948474,-1.2922279734867432,33.33333
-5.092283344672335,-1.2858389879939969,33.33333
-5.068514719859927,-1.2794500025012505,33.33333
-5.044746095047522,-1.2730610170085042,33.33333
-5.020977470235117,-1.2666720315157578,33.33333
-4.997208845422708,-1.2602830460230114,33.33333
-4.973440220610303,-1.253894060530265,33.33333
-4.949671595797895,-1.2475050750375187,33.33333
-4.92590297098549,-1.2411160895447724,33.33333
-4.902134346173085,-1.234727104052026,33.33333
-4.878365721360677,-1.2283381185592797,33.33333
-4.854597096548272,-1.2219491330665333,33.33333
-4.830828471735867,-1.215560147573787,33.33333
-4.807059846923458,-1.2091711620810406,33.33333
-4.783291222111053,-1.2027821765882942,33.33333
-4.759522597298648,-1.1963931910955479,33.33333
-4.73575397248624,-1.1900042056028015,33.33333
-4.711985347673835,-1.1836152201100552,33.33333
-4.68821672286143,-1.1772262346173088,33.33333
-4.6644480980490215,-1.1708372491245624,33.33333
-4.640679473236617,-1.164448263631816,33.33333
-4.616910848424208,-1.1580592781390697,33.33333
-4.593142223611803,-1.1516702926463234,33.33333
-4.569373598799398,-1.145281307153577,33.33333
-4.54560497398699,-1.1388923216608307,33.33333
-4.521836349174585,-1.1325033361680843,33.33333
-4.49806772436218,-1.126114350675338,33.33333
-4.474299099549771,-1.1197253651825916,33.33333
-4.450530474737366,-1.1133363796898452,33.33333
-4.4267618499249615,-1.1069473941970989,33.33333
-4.402993225112553,-1.1005584087043525,33.33333
-4.379224600300148,-1.0941694232116062,33.33333
-4.355455975487743,-1.0877804377188598,33.33333
-4.331687350675335,-1.0813914522261134,33.33333
-4.30791872586293,-1.075002466733367,33.33333
-4.284150101050521,-1.0686134812406207,33.33333
-4.260381476238116,-1.0622244957478744,33.33333
-4.236612851425711,-1.055835510255128,33.33333
-4.212844226613303,-1.0494465247623816,33.33333
-4.189075601800898,-1.0430575392696353,33.33333
-4.165306976988493,-1.036668553776889,33.33333
-4.1415383521760845,-1.0302795682841426,33.33333
-4.1177697273636795,-1.0238905827913962,33.33333
-4.094001102551275,-1.0175015972986499,33.33333
-4.070232477738866,-1.0111126118059035,33.33333
-4.046463852926461,-1.0047236263131571,33.33333
-4.022695228114056,-0.9983346408204108,33.33333
-3.9989266033016477,-0.9919456553276644,33.33333
-3.975157978489243,-0.9855566698349181,33.33333
-3.9513893536768343,-0.9791676843421717,33.33333
-3.9276207288644294,-0.9727786988494254,33.33333
-3.9038521040520244,-0.966389713356679,33.33333
-3.880083479239616,-0.9600007278639326,33.33333
-3.856314854427211,-0.9536117423711863,33.33333
-3.832546229614806,-0.947222756878439,33.33333
-3.8087776048023976,-0.9408337713856927,33.33333
-3.7850089799899926,-0.9344447858929463,33.33333
-3.7612403551775877,-0.9280558004002,33.33333
-3.737471730365179,-0.9216668149074536,33.33333
-3.7137031055527743,-0.9152778294147073,33.33333
-3.6899344807403693,-0.9088888439219609,33.33333
-3.666165855927961,-0.9024998584292145,33.33333
-3.642397231115556,-0.8961108729364682,33.33333
-3.618628606303151,-0.8897218874437218,33.33333
-3.5948599814907425,-0.8833329019509755,33.33333
-3.5710913566783375,-0.8769439164582291,33.33333
-3.547322731865929,-0.8705549309654828,33.33333
-3.523554107053524,-0.8641659454727364,33.33333
-3.499785482241119,-0.85777695997999,33.33333
-3.4760168574287107,-0.8513879744872437,33.33333
-3.4522482326163058,-0.8449989889944973,33.33333
-3.428479607803901,-0.838610003501751,33.33333
-3.4047109829914923,-0.8322210180090046,33.33333
-3.3809423581790874,-0.8258320325162583,33.33333
-3.3571737333666825,-0.8194430470235119,33.33333
-3.333405108554274,-0.8130540615307655,33.33333
-3.309636483741869,-0.8066650760380192,33.33333
-3.285867858929464,-0.8002760905452728,33.33333
-3.2620992341170556,-0.7938871050525265,33.33333
-3.2383306093046507,-0.7874981195597801,33.33333
-3.214561984492242,-0.7811091340670338,33.33333
-3.1907933596798372,-0.7747201485742874,33.33333
-3.1670247348674323,-0.768331163081541,33.33333
-3.143256110055024,-0.7619421775887947,33.33333
-3.119487485242619,-0.7555531920960483,33.33333
-3.095718860430214,-0.749164206603302,33.33333
-3.0719502356178054,-0.7427752211105556,33.33333
-3.0481816108054005,-0.7363862356178092,33.33333
-3.0244129859929956,-0.7299972501250629,33.33333
-3.000644361180587,-0.7236082646323165,33.33333
-2.976875736368182,-0.7172192791395702,33.33333
-2.953107111555777,-0.7108302936468238,33.33333
-2.9293384867433687,-0.7044413081540775,33.33333
-2.905569861930964,-0.6980523226613311,33.33333
-2.8818012371185553,-0.6916633371685847,33.33333
-2.8580326123061504,-0.6852743516758384,33.33333
-2.8342639874937454,-0.678885366183092,33.33333
-2.810495362681337,-0.6724963806903457,33.33333
-2.786726737868932,-0.6661073951975993,33.33333
-2.762958113056527,-0.659718409704853,33.33333
-2.7391894882441186,-0.6533294242121066,33.33333
-2.7154208634317136,-0.6469404387193602,33.33333
-2.6916522386193087,-0.6405514532266139,33.33333
-2.6678836138069,-0.6341624677338675,33.33333
-2.6441149889944953,-0.6277734822411212,33.33333
-2.6203463641820903,-0.6213844967483748,33.33333
-2.596577739369682,-0.6149955112556285,33.33333
-2.572809114557277,-0.6086065257628821,33.33333
-2.5490404897448684,-0.6022175402701357,33.33333
-2.5252718649324635,-0.5958285547773894,33.33333
-2.5015032401200585,-0.589439569284643,33.33333
-2.47773461530765,-0.5830505837918967,33.33333
-2.453965990495245,-0.5766615982991503,33.33333
-2.43019736568284,-0.570272612806404,33.33333
-2.4064287408704317,-0.5638836273136576,33.33333
-2.3826601160580267,-0.5574946418209112,33.33333
-2.358891491245622,-0.5511056563281649,33.33333
-2.3351228664332133,-0.5447166708354185,33.33333
-2.3113542416208084,-0.5383276853426722,33.33333
-2.2875856168084034,-0.5319386998499258,33.33333
-2.263816991995995,-0.5255497143571795,33.33333
-2.24004836718359,-0.5191607288644331,33.33333
-2.2162797423711815,-0.5127717433716867,33.33333
-2.1925111175587766,-0.5063827578789404,33.33333
-2.1687424927463717,-0.499993772386194,33.33333
-2.144973867933963,-0.49360478689344767,33.33333
-2.1212052431215582,-0.4872158014007013,33.33333
-2.0974366183091533,-0.48082681590795495,33.33333
-2.073667993496745,-0.4744378304152086,33.33333
-2.04989936868434,-0.46804884492246224,33.33333
-2.026130743871935,-0.4616598594297159,33.33333
-2.0023621190595264,-0.4552708739369695,33.33333
-1.9785934942471215,-0.44888188844422316,33.33333
-1.9548248694347166,-0.4424929029514768,33.33333
-1.931056244622308,-0.43610391745873045,33.33333
-1.9072876198099031,-0.4297149319659841,33.33333
-1.8835189949974946,-0.42332594647323774,33.33333
-1.8597503701850897,-0.4169369609804914,33.33333
-1.8359817453726848,-0.410547975487745,33.33333
-1.8122131205602763,-0.4041589899949969,33.33333
-1.7884444957478713,-0.39777000450225053,33.33333
-1.7646758709354664,-0.39138101900950417,33.33333
-1.740907246123058,-0.3849920335167578,33.33333
-1.717138621310653,-0.37860304802401146,33.33333
-1.693369996498248,-0.3722140625312651,33.33333
-1.6696013716858396,-0.36582507703851874,33.33333
-1.6458327468734346,-0.3594360915457724,33.33333
-1.6220641220610297,-0.353047106053026,33.33333
-1.5982954972486212,-0.34665812056027967,33.33333
-1.5745268724362163,-0.3402691350675333,33.33333
-1.5507582476238078,-0.33388014957478696,33.33333
-1.5269896228114028,-0.3274911640820406,33.33333
-1.5032209979989979,-0.32110217858929424,33.33333
-1.4794523731865894,-0.3147131930965479,33.33333
-1.4556837483741845,-0.3083242076038015,33.33333
-1.4319151235617795,-0.30193522211105517,33.33333
-1.408146498749371,-0.2955462366183088,33.33333
-1.384377873936966,-0.28915725112556245,33.33333
-1.3606092491245612,-0.2827682656328161,33.33333
-1.3368406243121527,-0.27637928014006974,33.33333
-1.3130719994997477,-0.2699902946473234,33.33333
-1.2893033746873428,-0.263601309154577,33.33333
-1.2655347498749343,-0.25721232366183067,33.33333
-1.2417661250625294,-0.2508233381690843,33.33333
-1.2179975002501244,-0.24443435267633795,33.33333
-1.194228875437716,-0.2380453671835916,33.33333
-1.170460250625311,-0.23165638169084524,33.33333
-1.1466916258129025,-0.22526739619809888,33.33333
-1.1229230010004976,-0.21887841070535252,33.33333
-1.0991543761880926,-0.21248942521260616,33.33333
-1.0753857513756842,-0.2061004397198598,33.33333
-1.0516171265632792,-0.19971145422711345,33.33333
-1.0278485017508743,-0.1933224687343671,33.33333
-1.0040798769384658,-0.18693348324162073,33.33333
-0.9803112521260609,-0.18054449774887438,33.33333
-0.9565426273136559,-0.17415551225612802,33.33333
-0.9327740025012474,-0.16776652676338166,33.33333
-0.9090053776888425,-0.1613775412706353,33.33333
-0.8852367528764375,-0.15498855577788895,33.33333
-0.8614681280640326,-0.1485995702851426,33.33333
-0.8376995032516206,-0.14221058479239623,33.33333
-0.8139308784392156,-0.13582159929964988,33.33333
-0.7901622536268107,-0.12943261380690352,33.33333
-0.7663936288144058,-0.12304362831415716,33.33333
-0.7426250040020008,-0.1166546428214108,33.33333
-0.7188563791895959,-0.11026565732866445,33.33333
-0.6950877543771838,-0.10387667183591809,33.33333
-0.6713191295647789,-0.09748768634317173,33.33333
-0.647550504752374,-0.09109870085042537,33.33333
-0.623781879939969,-0.08470971535767902,33.33333
-0.6000132551275641,-0.07832072986493266,33.33333
-0.576244630315152,-0.0719317443721863,33.33333
-0.5524760055027471,-0.06554275887943994,33.33333
-0.5287073806903422,-0.05915377338669359,33.33333
-0.5049387558779372,-0.05276478789394723,33.33333
-0.4811701310655323,-0.04637580240120087,33.33333
-0.45740150625312737,-0.039986816908454514,33.33333
-0.4336328814407153,-0.03359783141570816,33.33333
-0.4098642566283104,-0.0272088459229618,33.33333
-0.38609563181590545,-0.020819860430215442,33.33333
-0.3623270070035005,-0.014430874937469085,33.33333
-0.3385583821910956,-0.008041889444722727,33.33333
-0.31478975737868353,-0.00165290395197637,33.33333
-0.2910211325662786,0.0047360815407699874,33.33333
-0.26725250775387366,0.011125067033516345,33.33333
-0.24348388294146872,0.017514052526262702,33.33333
-0.21971525812906378,0.02390303801900906,33.33333
-0.19594663331665885,0.030292023511755417,33.33333
-0.1721780085042468,0.036681009004501774,33.33333
-0.14840938369184187,0.04306999449724813,33.33333
-0.12464075887943693,0.04945897998999449,33.33333
-0.100872134067032,0.05584796548274085,33.33333
-0.07710350925462706,0.062236950975487204,33.33333
-0.05333488444222212,0.06862593646823356,33.33333
-0.029566259629810077,0.07501492196097992,33.33333
-0.0057976348174051395,0.08140390745372628,33.33333
0.017970989994999798,0.08779289294647263,33.33333
0.041739614807404735,0.09418187843921899,33.33333
0.06550823961980967,0.10057086393196535,33.33333
0.08927686443222171,0.1069598494247117,33.33333
0.11304548924462665,0.11334883491745806,33.33333
0.1368141140570316,0.11973782041020442,33.33333
0.16058273886943653,0.12612680590295078,33.33333
0.18435136368184146,0.13251579139569714,33.33333
0.2081199884942464,0.1389047768884435,33.33333
0.23188861330665844,0.14529376238118985,33.33333
0.2556572381190634,0.1516827478739362,33.33333
0.2794258629314683,0.15807173336668257,33.33333
0.30319448774387325,0.16446071885942892,33.33333
0.3269631125562782,0.17084970435217528,33.33333
0.35073173736869023,0.17723868984492164,33.33333
0.37450036218109517,0.183627675337668,33.33333
0.3982689869935001,0.19001666083041435,33.33333
0.42203761180590504,0.1964056463231607,33.33333
0.44580623661831,0.20279463181590707,33.33333
0.4695748614307149,0.20918361730865342,33.33333
0.49334348624312696,0.21557260280139978,33.33333
0.5171121110555319,0.22196158829414614,33.33333
0.5408807358679368,0.2283505737868925,33.33333
0.5646493606803418,0.23473955927963885,33.33333
0.5884179854927467,0.2411285447723852,33.33333
0.6121866103051516,0.24751753026513157,33.33333
0.6359552351175637,0.2539065157578779,33.33333
0.6597238599299686,0.2602955012506243,33.33333
0.6834924847423736,0.26668448674337064,33.33333
0.7072611095547785,0.273073472236117,33.33333
0.7310297343671834,0.27946245772886336,33.33333
0.7547983591795955,0.2858514432216097,33.33333
0.7785669839920004,0.29224042871435607,33.33333
0.8023356088044054,0.29862941420710243,33.33333
0.8261042336168103,0.3050183996998488,33.33333
0.8498728584292152,0.31140738519259514,33.33333
0.8736414832416202,0.3177963706853415,33.33333
0.8974101080540322,0.32418535617808963,33.33333
0.9211787328664371,0.330574341670836,33.33333
0.9449473576788421,0.33696332716358235,33.33333
0.968715982491247,0.3433523126563287,33.33333
0.992484607303652,0.34974129814907506,33.33333
1.016253232116064,0.3561302836418214,33.33333
1.040021856928469,0.3625192691345678,33.33333
1.0637904817408739,0.36890825462731414,33.33333
1.0875591065532788,0.3752972401200605,33.33333
1.1113277313656837,0.38168622561280685,33.33333
1.1350963561780887,0.3880752111055532,33.33333
1.1588649809905007,0.39446419659829957,33.33333
1.1826336058029057,0.4008531820910459,33.33333
1.2064022306153106,0.4072421675837923,33.33333
1.2301708554277155,0.41363115307653864,33.33333
1.2539394802401205,0.420020138569285,33.33333
1.2777081050525254,0.42640912406203135,33.33333
1.3014767298649375,0.4327981095547777,33.33333
1.3252453546773424,0.43918709504752407,33.33333
1.3490139794897473,0.4455760805402704,33.33333
1.3727826043021523,0.4519650660330168,33.33333
1.3965512291145572,0.45835405152576314,33.33333
1.4203198539269692,0.4647430370185095,33.33333
1.4440884787393742,0.47113202251125585,33.33333
1.4678571035517791,0.4775210080040022,33.33333
1.491625728364184,0.48390999349674857,33.33333
1.515394353176589,0.4902989789894949,33.33333
1.539162977988994,0.4966879644822413,33.33333
1.562931602801406,0.5030769499749876,33.33333
1.586700227613811,0.509465935467734,33.33333
1.6104688524262158,0.5158549209604804,33.33333
1.6342374772386208,0.5222439064532267,33.33333
1.6580061020510257,0.5286328919459731,33.33333
1.6817747268634307,0.5350218774387194,33.33333
1.7055433516758427,0.5414108629314658,33.33333
1.7293119764882476,0.5477998484242121,33.33333
1.7530806013006526,0.5541888339169585,33.33333
1.7768492261130575,0.5605778194097049,33.33333
1.8006178509254624,0.5669668049024512,33.33333
1.8243864757378745,0.5733557903951976,33.33333
1.8481551005502794,0.5797447758879439,33.33333
1.8719237253626844,0.5861337613806903,33.33333
1.8956923501750893,0.5925227468734366,33.33333
1.9194609749874942,0.598911732366183,33.33333
1.9432295997998992,0.6053007178589294,33.33333
1.9669982246123112,0.6116897033516757,33.33333
1.9907668494247162,0.6180786888444221,33.33333
2.014535474237121,0.6244676743371684,33.33333
2.038304099049526,0.6308566598299148,33.33333
2.062072723861931,0.6372456453226611,33.33333
2.085841348674343,0.6436346308154075,33.33333
2.109609973486748,0.6500236163081539,33.33333
2.133378598299153,0.6564126018009002,33.33333
2.157147223111558,0.6628015872936466,33.33333
2.1809158479239628,0.6691905727863929,33.33333
2.2046844727363677,0.6755795582791393,33.33333
2.2284530975487797,0.6819685437718856,33.33333
2.2522217223611847,0.688357529264632,33.33333
2.2759903471735896,0.6947465147573784,33.33333
2.2997589719859945,0.7011355002501247,33.33333
2.3235275967983995,0.7075244857428711,33.33333
2.3472962216108044,0.7139134712356174,33.33333
2.3710648464232165,0.7203024567283638,33.33333
2.3948334712356214,0.7266914422211102,33.33333
2.4186020960480263,0.7330804277138565,33.33333
2.4423707208604313,0.7394694132066029,33.33333
2.466139345672836,0.7458583986993492,33.33333
2.4899079704852483,0.7522473841920956,33.33333
2.513676595297653,0.7586363696848419,33.33333
2.537445220110058,0.7650253551775883,33.33333
2.561213844922463,0.7714143406703347,33.33333
2.584982469734868,0.777803326163081,33.33333
2.608751094547273,0.7841923116558274,33.33333
2.632519719359685,0.7905812971485737,33.33333
2.65628834417209,0.7969702826413201,33.33333
2.680056968984495,0.8033592681340664,33.33333
2.7038255937969,0.8097482536268128,33.33333
2.7275942186093047,0.8161372391195592,33.33333
2.7513628434217168,0.8225262246123055,33.33333
2.7751314682341217,0.8289152101050519,33.33333
2.7989000930465266,0.8353041955977982,33.33333
2.8226687178589316,0.8416931810905446,33.33333
2.8464373426713365,0.8480821665832909,33.33333
2.8702059674837415,0.8544711520760373,33.33333
2.8939745922961535,0.8608601375687837,33.33333
2.9177432171085584,0.86724912306153,33.33333
2.9415118419209634,0.8736381085542764,33.33333
2.9652804667333683,0.8800270940470227,33.33333
2.9890490915457733,0.8864160795397691,33.33333
3.012817716358178,0.8928050650325154,33.33333
3.0365863411705902,0.8991940505252618,33.33333
3.060354965982995,0.9055830360180082,33.33333
3.0841235907954,0.9119720215107545,33.33333
3.107892215607805,0.9183610070035009,33.33333
3.13166084042021,0.9247499924962472,33.33333
3.155429465232622,0.9311389779889936,33.33333
3.179198090045027,0.93752796348174,33.33333
3.202966714857432,0.9439169489744863,33.33333
3.226735339669837,0.9503059344672327,33.33333
3.2505039644822418,0.956694919959979,33.33333
3.2742725892946467,0.9630839054527254,33.33333
3.2980412141070587,0.9694728909454717,33.33333
3.3218098389194637,0.9758618764382181,33.33333
3.3455784637318686,0.9822508619309644,33.33333
3.3693470885442736,0.9886398474237108,33.33333
3.3931157133566785,0.9950288329164572,33.33333
3.4168843381690905,1.0014178184092035,33.33333
3.4406529629814955,1.0078068039019499,33.33333
3.4644215877939004,1.0141957893946962,33.33333
3.4881902126063054,1.0205847748874426,33.33333
3.5119588374187103,1.026973760380189,33.33333
3.5357274622311152,1.0333627458729353,33.33333
3.5594960870435273,1.0397517313656817,33.33333
3.583264711855932,1.0461407168584298,33.33333
3.607033336668337,1.0525297023511762,33.33333
3.630801961480742,1.0589186878439225,33.33333
3.654570586293147,1.0653076733366689,33.33333
3.678339211105552,1.0716966588294152,33.33333
3.702107835917964,1.0780856443221616,33.33333
3.725876460730369,1.084474629814908,33.33333
3.749645085542774,1.0908636153076543,33.33333
3.773413710355179,1.0972526008004007,33.33333
3.7971823351675837,1.103641586293147,33.33333
3.820950959979996,1.1100305717858934,33.33333
3.8447195847924007,1.1164195572786397,33.33333
3.8684882096048057,1.122808542771386,33.33333
3.8922568344172106,1.1291975282641324,33.33333
3.9160254592296155,1.1355865137568788,33.33333
3.9397940840420205,1.1419754992496252,33.33333
3.9635627088544325,1.1483644847423715,33.33333
3.9873313336668375,1.1547534702351179,33.33333
4.011099958479242,1.1611424557278642,33.33333
4.034868583291647,1.1675314412206106,33.33333
4.058637208104052,1.173920426713357,33.33333
4.082405832916457,1.1803094122061033,33.33333
4.106174457728869,1.1866983976988497,33.33333
4.129943082541274,1.193087383191596,33.33333
4.153711707353679,1.1994763686843424,33.33333
4.177480332166084,1.2058653541770887,33.33333
4.201248956978489,1.212254339669835,33.33333
4.225017581790901,1.2186433251625814,33.33333
4.248786206603306,1.2250323106553278,33.33333
4.272554831415711,1.2314212961480742,33.33333
4.296323456228116,1.2378102816408205,33.33333
4.320092081040521,1.2441992671335669,33.33333
4.343860705852926,1.2505882526263132,33.33333
4.367629330665338,1.2569772381190596,33.33333
4.391397955477743,1.263366223611806,33.33333
4.415166580290148,1.2697552091045523,33.33333
4.438935205102553,1.2761441945972987,33.33333
4.4627038299149575,1.282533180090045,33.33333
4.4864724547273696,1.2889221655827914,33.33333
4.5102410795397745,1.2953111510755377,33.33333
4.534009704352179,1.301700136568284,33.33333
4.557778329164584,1.3080891220610305,33.33333
4.581546953976989,1.3144781075537768,33.33333
4.605315578789394,1.3208670930465232,33.33333
4.629084203601806,1.3272560785392695,33.33333
4.652852828414211,1.3336450640320159,33.33333
4.676621453226616,1.3400340495247622,33.33333
4.700390078039021,1.3464230350175086,33.33333
4.724158702851426,1.352812020510255,33.33333
4.747927327663831,1.3592010060030013,33.33333
4.771695952476243,1.3655899914957477,33.33333
4.795464577288648,1.371978976988494,33.33333
4.819233202101053,1.3783679624812404,33.33333
4.843001826913458,1.3847569479739867,33.33333
4.866770451725863,1.391145933466733,33.33333
4.890539076538275,1.3975349189594795,33.33333
4.91430770135068,1.4039239044522258,33.33333
4.938076326163085,1.4103128899449722,33.33333
4.96184495097549,1.4167018754377185,33.33333
4.9856135757878945,1.4230908609304649,33.33333
5.0093822006002995,1.4294798464232112,33.33333
5.0331508254127115,1.4358688319159576,33.33333
5.0569194502251165,1.442257817408704,33.33333
5.080688075037521,1.4486468029014503,33.33333
5.104456699849926,1.4550357883941967,33.33333
5.128225324662331,1.461424773886943,33.33333
5.151993949474743,1.4678137593796894,33.33333
5.175762574287148,1.4742027448724357,33.33333
5.199531199099553,1.480591730365182,33.33333
5.223299823911958,1.4869807158579285,33.33333
5.247068448724363,1.4933697013506748,33.33333
5.270837073536768,1.4997586868434212,33.33333
5.29460569834918,1.5061476723361675,33.33333
5.318374323161585,1.5125366578289139,33.33333
5.34214294797399,1.5189256433216602,33.33333
5.365911572786395,1.5253146288144066,33.33333
5.3896801975988,1.531703614307153,33.33333
5.413448822411205,1.5380925997998993,33.33333
5.437217447223617,1.5444815852926457,33.33333
5.460986072036022,1.550870570785392,33.33333
5.484754696848427,1.5572595562781384,33.33333
5.508523321660832,1.5636485417708847,33.33333
5.5322919464732365,1.570037527263631,33.33333
5.556060571285649,1.5764265127563775,33.33333
5.5798291960980535,1.5828154982491238,33.33333
5.603597820910458,1.5892044837418702,33.33333
5.627366445722863,1.5955934692346165,33.33333
5.651135070535268,1.601982454727363,33.33333
5.674903695347673,1.6083714402201092,33.33333
5.698672320160085,1.6147604257128556,33.33333
5.72244094497249,1.621149411205602,33.33333
5.746209569784895,1.6275383966983483,33.33333
5.7699781945973,1.6339273821910947,33.33333
5.793746819409705,1.640316367683841,33.33333
5.817515444222117,1.6467053531765874,33.33333
5.841284069034522,1.6530943386693338,33.33333
5.865052693846927,1.65948332416208,33.33333
5.888821318659332,1.6658723096548265,33.33333
5.912589943471737,1.6722612951475728,33.33333
5.936358568284142,1.6786502806403192,33.33333
5.960127193096554,1.6850392661330655,33.33333
5.983895817908959,1.691428251625812,33.33333
6.007664442721364,1.6978172371185583,33.33333
6.031433067533769,1.7042062226113046,33.33333
6.055201692346174,1.710595208104051,33.33333
6.0789703171585785,1.7169841935967973,33.33333
6.1027389419709905,1.7233731790895437,33.33333
6.1265075667833955,1.72976216458229,33.33333
6.1502761915958,1.7361511500750364,33.33333
6.174044816408205,1.7425401355677828,33.33333
6.19781344122061,1.7489291210605291,33.33333
6.221582066033022,1.7553181065532755,33.33333
6.245350690845427,1.7617070920460218,33.33333
6.269119315657832,1.7680960775387682,33.33333
6.292887940470237,1.7744850630315163,33.33333
6.316656565282642,1.7808740485242627,33.33333
6.340425190095047,1.787263034017009,33.33333
6.364193814907459,1.7936520195097554,33.33333
6.387962439719864,1.8000410050025017,33.33333
6.411731064532269,1.806429990495248,33.33333
6.435499689344674,1.8128189759879945,33.33333
6.459268314157079,1.8192079614807408,33.33333
6.483036938969484,1.8255969469734872,33.33333
6.506805563781896,1.8319859324662335,33.33333
6.530574188594301,1.83837491795898,33.33333
6.554342813406706,1.8447639034517263,33.33333
6.578111438219111,1.8511528889444726,33.33333
6.6018800630315155,1.857541874437219,33.33333
6.625648687843928,1.8639308599299653,33.33333
6.6494173126563325,1.8703198454227117,33.33333
6.6731859374687374,1.876708830915458,33.33333
6.696954562281142,1.8830978164082044,33.33333
6.720723187093547,1.8894868019009508,33.33333
6.744491811905952,1.895875787393697,33.33333
6.768260436718364,1.9022647728864435,33.33333
6.792029061530769,1.9086537583791898,33.33333
6.815797686343174,1.9150427438719362,33.33333
6.839566311155579,1.9214317293646825,33.33333
6.863334935967984,1.927820714857429,33.33333
6.887103560780396,1.9342097003501753,33.33333
6.910872185592801,1.9405986858429216,33.33333
6.934640810405206,1.946987671335668,33.33333
6.958409435217611,1.9533766568284143,33.33333
6.982178060030016,1.9597656423211607,33.33333
7.005946684842421,1.966154627813907,33.33333
7.029715309654833,1.9725436133066534,33.33333
7.053483934467238,1.9789325987993998,33.33333
7.077252559279643,1.9853215842921461,33.33333
7.101021184092048,1.9917105697848925,33.33333
7.124789808904453,1.9980995552776388,33.33333
7.1485584337168575,2.004488540770385,33.33333
7.1723270585292696,2.0108775262631315,33.33333
7.1960956833416745,2.017266511755878,33.33333
7.219864308154079,2.0236554972486243,33.33333
7.243632932966484,2.0300444827413706,33.33333
7.267401557778889,2.036433468234117,33.33333
7.291170182591301,2.0428224537268633,33.33333
7.314938807403706,2.0492114392196097,33.33333
7.338707432216111,2.055600424712356,33.33333
7.362476057028516,2.0619894102051024,33.33333
7.386244681840921,2.0683783956978488,33.33333
7.410013306653326,2.074767381190595,33.33333
7.433781931465738,2.0811563666833415,33.33333
7.457550556278143,2.087545352176088,33.33333
7.481319181090548,2.093934337668834,33.33333
7.505087805902953,2.1003233231615805,33.33333
7.528856430715358,2.106712308654327,33.33333
7.55262505552777,2.1131012941470733,33.33333
7.576393680340175,2.1194902796398196,33.33333
7.60016230515258,2.125879265132566,33.33333
7.623930929964985,2.1322682506253123,33.33333
7.64769955477739,2.1386572361180587,33.33333
7.6714681795897945,2.145046221610805,33.33333
7.695236804402207,2.1514352071035514,33.33333
7.7190054292146115,2.1578241925962978,33.33333
7.7427740540270165,2.164213178089044,33.33333
7.766542678839421,2.1706021635817905,33.33333
7.790311303651826,2.176991149074537,33.33333
7.814079928464231,2.183380134567283,33.33333
7.837848553276643,2.1897691200600296,33.33333
7.861617178089048,2.196158105552776,33.33333
7.885385802901453,2.2025470910455223,33.33333
7.909154427713858,2.2089360765382686,33.33333
7.932923052526263,2.215325062031015,33.33333
7.956691677338675,2.2217140475237613,33.33333
7.98046030215108,2.2281030330165077,33.33333
8.004228926963485,2.234492018509254,33.33333
8.02799755177589,2.2408810040020004,33.33333
8.051766176588295,2.2472699894947468,33.33333
8.0755348014007,2.253658974987493,33.33333
8.099303426213112,2.2600479604802395,33.33333
8.123072051025517,2.266436945972986,33.33333
8.146840675837922,2.272825931465732,33.33333
8.170609300650327,2.2792149169584786,33.33333
8.194377925462732,2.285603902451225,33.33333
8.218146550275144,2.2919928879439713,33.33333
8.241915175087549,2.2983818734367176,33.33333
8.265683799899953,2.304770858929464,33.33333
8.289452424712358,2.3111598444222103,33.33333
8.313221049524763,2.3175488299149567,33.33333
8.336989674337168,2.323937815407703,33.33333
8.36075829914958,2.3303268009004494,33.33333
8.384526923961985,2.3367157863931958,33.33333
8.40829554877439,2.343104771885942,33.33333
8.432064173586795,2.3494937573786885,33.33333
8.4558327983992,2.355882742871435,33.33333
8.479601423211605,2.362271728364181,33.33333
8.503370048024017,2.3686607138569276,33.33333
8.527138672836422,2.375049699349674,33.33333
8.550907297648827,2.3814386848424203,33.33333
8.574675922461232,2.3878276703351666,33.33333
8.598444547273637,2.394216655827913,33.33333
8.622213172086049,2.4006056413206593,33.33333
8.645981796898454,2.4069946268134057,33.33333
8.669750421710859,2.413383612306152,33.33333
8.693519046523264,2.4197725977988984,33.33333
8.717287671335669,2.4261615832916448,33.33333
8.741056296148074,2.432550568784391,33.33333
8.764824920960486,2.4389395542771375,33.33333
8.78859354577289,2.445328539769884,33.33333
8.812362170585295,2.45171752526263,33.33333
8.8361307953977,2.4581065107553766,33.33333
8.859899420210105,2.464495496248123,33.33333
8.88366804502251,2.4708844817408693,33.33333
8.907436669834922,2.4772734672336156,33.33333
8.931205294647327,2.483662452726362,33.33333
8.954973919459732,2.4900514382191083,33.33333
8.978742544272137,2.4964404237118547,33.33333
9.002511169084542,2.502829409204603,33.33333
9.026279793896954,2.509218394697349,33.33333
9.050048418709359,2.5156073801900956,33.33333
9.073817043521764,2.521996365682842,33.33333
9.097585668334169,2.5283853511755883,33.33333
9.121354293146574,2.5347743366683346,33.33333
9.145122917958979,2.541163322161081,33.33333
9.16889154277139,2.5475523076538273,33.33333
9.192660167583796,2.5539412931465737,33.33333
9.2164287923962,2.56033027863932,33.33333
9.240197417208606,2.5667192641320664,33.33333
9.26396604202101,2.5731082496248128,33.33333
9.287734666833423,2.579497235117559,33.33333
9.311503291645828,2.5858862206103055,33.33333
9.335271916458233,2.592275206103052,33.33333
9.359040541270637,2.598664191595798,33.33333
9.382809166083042,2.6050531770885446,33.33333
9.406577790895447,2.611442162581291,33.33333
9.43034641570786,2.6178311480740373,33.33333
9.454115040520264,2.6242201335667836,33.33333
9.47788366533267,2.63060911905953,33.33333
9.501652290145074,2.6369981045522763,33.33333
9.52542091495748,2.6433870900450227,33.33333
9.549189539769884,2.649776075537769,33.33333
9.572958164582296,2.6561650610305154,33.33333
9.596726789394701,2.6625540465232618,33.33333
9.620495414207106,2.668943032016008,33.33333
9.644264039019511,2.6753320175087545,33.33333
9.668032663831916,2.681721003001501,33.33333
9.691801288644328,2.688109988494247,33.33333
9.715569913456733,2.6944989739869936,33.33333
9.739338538269138,2.70088795947974,33.33333
9.763107163081543,2.7072769449724863,33.33333
9.786875787893948,2.7136659304652326,33.33333
9.810644412706353,2.720054915957979,33.33333
9.834413037518765,2.7264439014507253,33.33333
9.85818166233117,2.7328328869434717,33.33333
9.881950287143574,2.739221872436218,33.33333
9.90571891195598,2.7456108579289644,33.33333
9.929487536768384,2.751999843421711,33.33333
9.953256161580796,2.758388828914457,33.33333
9.977024786393201,2.7647778144072035,33.33333
10.000793411205606,2.77116679989995,33.33333
10.024562036018011,2.777555785392696,33.33333
10.048330660830416,2.7839447708854426,33.33333
10.072099285642821,2.790333756378189,33.33333
10.095867910455233,2.7967227418709353,33.33333
10.119636535267638,2.8031117273636816,33.33333
10.143405160080043,2.809500712856428,33.33333
10.167173784892448,2.8158896983491744,33.33333
10.190942409704853,2.8222786838419207,33.33333
10.214711034517258,2.828667669334667,33.33333
10.23847965932967,2.8350566548274134,33.33333
10.262248284142075,2.84144564032016,33.33333
10.28601690895448,2.847834625812906,33.33333
10.309785533766885,2.8542236113056525,33.33333
10.33355415857929,2.860612596798399,33.33333
10.357322783391702,2.867001582291145,33.33333
10.381091408204107,2.8733905677838916,33.33333
10.404860033016512,2.879779553276638,33.33333
10.428628657828916,2.8861685387693843,33.33333
10.452397282641321,2.8925575242621306,33.33333
10.476165907453726,2.898946509754877,33.33333
10.499934532266138,2.9053354952476234,33.33333
10.523703157078543,2.9117244807403697,33.33333
10.547471781890948,2.918113466233116,33.33333
10.571240406703353,2.9245024517258624,33.33333
10.595009031515758,2.930891437218609,33.33333
10.61877765632817,2.937280422711355,33.33333
10.642546281140575,2.9436694082041015,33.33333
10.66631490595298,2.950058393696848,33.33333
10.690083530765385,2.956447379189594,33.33333
10.71385215557779,2.9628363646823406,33.33333
10.737620780390195,2.969225350175087,33.33333
10.761389405202607,2.9756143356678333,33.33333
10.785158030015012,2.9820033211605796,33.33333
10.808926654827417,2.988392306653326,33.33333
10.832695279639822,2.9947812921460724,33.33333
10.856463904452227,3.0011702776388187,33.33333
10.880232529264632,3.007559263131565,33.33333
10.904001154077044,3.0139482486243114,33.33333
10.927769778889449,3.020337234117058,33.33333
10.951538403701853,3.026726219609804,33.33333
10.975307028514258,3.0331152051025505,33.33333
10.999075653326663,3.039504190595297,33.33333
11.022844278139075,3.045893176088043,33.33333
11.04661290295148,3.0522821615807896,33.33333
11.070381527763885,3.058671147073536,33.33333
11.09415015257629,3.0650601325662823,33.33333
11.117918777388695,3.0714491180590286,33.33333
11.1416874022011,3.077838103551775,33.33333
11.165456027013512,3.0842270890445214,33.33333
11.189224651825917,3.0906160745372677,33.33333
11.212993276638322,3.097005060030014,33.33333
11.236761901450727,3.1033940455227604,33.33333
11.260530526263132,3.109783031015507,33.33333
11.284299151075537,3.116172016508253,33.33333
11.308067775887949,3.1225610020009995,33.33333
11.331836400700354,3.128949987493746,33.33333
11.355605025512759,3.1353389729864922,33.33333
11.379373650325164,3.1417279584792386,33.33333
11.403142275137569,3.148116943971985,33.33333
11.42691089994998,3.1545059294647313,33.33333
11.450679524762386,3.1608949149574777,33.33333
11.47444814957479,3.167283900450224,33.33333
11.498216774387195,3.1736728859429704,33.33333
11.5219853991996,3.1800618714357167,33.33333
11.545754024012005,3.186450856928463,33.33333
11.569522648824417,3.1928398424212094,33.33333
11.593291273636822,3.199228827913956,33.33333
11.617059898449227,3.205617813406702,33.33333
11.640828523261632,3.2120067988994485,33.33333
11.664597148074037,3.218395784392195,33.33333
11.68836577288645,3.2247847698849412,33.33333
11.712134397698854,3.2311737553776894,33.33333
11.735903022511259,3.2375627408704357,33.33333
11.759671647323664,3.243951726363182,33.33333
11.783440272136069,3.2503407118559284,33.33333
11.807208896948474,3.256729697348675,33.33333
11.830977521760886,3.263118682841421,33.33333
11.85474614657329,3.2695076683341675,33.33333
11.878514771385696,3.275896653826914,33.33333
11.9022833961981,3.28228563931966,33.33333
11.926052021010506,3.2886746248124066,33.33333
11.94982064582291,3.295063610305153,33.33333
11.973589270635323,3.3014525957978993,33.33333
11.997357895447728,3.3078415812906456,33.33333
12.021126520260133,3.314230566783392,33.33333
12.044895145072537,3.3206195522761384,33.33333
12.068663769884942,3.3270085377688847,33.33333
12.092432394697354,3.333397523261631,33.33333
12.11620101950976,3.3397865087543774,33.33333
12.139969644322164,3.346175494247124,33.33333
12.16373826913457,3.35256447973987,33.33333
12.187506893946974,3.3589534652326165,33.33333
12.211275518759379,3.365342450725363,33.33333
12.235044143571791,3.3717314362181092,33.33333
12.258812768384196,3.3781204217108556,33.33333
12.282581393196601,3.384509407203602,33.33333
12.306350018009006,3.3908983926963483,33.33333
12.330118642821411,3.3972873781890947,33.33333
12.353887267633823,3.403676363681841,33.33333
12.377655892446228,3.4100653491745874,33.33333
12.401424517258633,3.4164543346673337,33.33333
12.425193142071038,3.42284332016008,33.33333
12.448961766883443,3.4292323056528264,33.33333
12.472730391695848,3.435621291145573,33.33333
12.49649901650826,3.442010276638319,33.33333
12.520267641320665,3.4483992621310655,33.33333
12.54403626613307,3.454788247623812,33.33333
12.567804890945474,3.4611772331165582,33.33333
12.59157351575788,3.4675662186093046,33.33333
12.615342140570284,3.473955204102051,33.33333
12.639110765382696,3.4803441895947973,33.33333
12.662879390195101,3.4867331750875437,33.33333
12.686648015007506,3.49312216058029,33.33333
12.710416639819911,3.4995111460730364,33.33333
12.734185264632316,3.5059001315657827,33.33333
12.757953889444728,3.512289117058529,33.33333
12.781722514257133,3.5186781025512754,33.33333
12.805491139069538,3.525067088044022,33.33333
12.829259763881943,3.531456073536768,33.33333
12.853028388694348,3.5378450590295145,33.33333
12.876797013506753,3.544234044522261,33.33333
12.900565638319165,3.5506230300150072,33.33333
12.92433426313157,3.5570120155077536,33.33333
12.948102887943975,3.5634010010005,33.33333
12.97187151275638,3.5697899864932463,33.33333
12.995640137568785,3.5761789719859927,33.33333
13.019408762381197,3.582567957478739,33.33333
13.043177387193602,3.5889569429714854,33.33333
13.066946012006007,3.5953459284642317,33.33333
13.090714636818412,3.601734913956978,33.33333
13.114483261630816,3.6081238994497244,33.33333
13.138251886443221,3.614512884942471,33.33333
13.162020511255633,3.620901870435217,33.33333
13.185789136068038,3.6272908559279635,33.33333
13.209557760880443,3.63367984142071,33.33333
13.233326385692848,3.6400688269134562,33.33333
13.257095010505253,3.6464578124062026,33.33333
13.280863635317658,3.652846797898949,33.33333
13.30463226013007,3.6592357833916953,33.33333
13.328400884942475,3.6656247688844417,33.33333
13.35216950975488,3.672013754377188,33.33333
13.375938134567285,3.6784027398699344,33.33333
13.39970675937969,3.6847917253626807,33.33333
13.423475384192102,3.691180710855427,33.33333
13.447244009004507,3.6975696963481735,33.33333
13.471012633816912,3.70395868184092,33.33333
13.494781258629317,3.710347667333666,33.33333
13.518549883441722,3.7167366528264125,33.33333
13.542318508254127,3.723125638319159,33.33333
13.566087133066539,3.7295146238119052,33.33333
13.589855757878944,3.7359036093046516,33.33333
13.613624382691349,3.742292594797398,33.33333
13.637393007503753,3.7486815802901443,33.33333
13.661161632316158,3.7550705657828907,33.33333
13.684930257128563,3.761459551275637,33.33333
13.708698881940975,3.7678485367683834,33.33333
13.73246750675338,3.7742375222611297,33.33333
13.756236131565785,3.780626507753876,33.33333
13.78000475637819,3.7870154932466225,33.33333
13.803773381190595,3.793404478739369,33.33333
13.827542006003007,3.799793464232115,33.33333
13.851310630815412,3.8061824497248615,33.33333
13.875079255627817,3.812571435217608,33.33333
13.898847880440222,3.8189604207103542,33.33333
13.922616505252627,3.8253494062031006,33.33333
13.946385130065032,3.831738391695847,33.33333
13.970153754877444,3.8381273771885933,33.33333
13.993922379689849,3.8445163626813397,33.33333
14.017691004502254,3.850905348174086,33.33333
14.041459629314659,3.8572943336668324,33.33333
14.065228254127064,3.8636833191595787,33.33333
14.088996878939476,3.870072304652325,33.33333
14.11276550375188,3.8764612901450715,33.33333
14.136534128564286,3.882850275637818,33.33333
14.16030275337669,3.889239261130564,33.33333
14.184071378189095,3.8956282466233105,33.33333
14.2078400030015,3.902017232116057,33.33333
14.231608627813912,3.9084062176088032,33.33333
14.255377252626317,3.9147952031015496,33.33333
14.279145877438722,3.921184188594296,33.33333
14.302914502251127,3.9275731740870423,33.33333
14.326683127063532,3.9339621595797887,33.33333
14.350451751875937,3.940351145072535,33.33333
14.37422037668835,3.9467401305652814,33.33333
14.397989001500754,3.9531291160580277,33.33333
14.421757626313159,3.959518101550776,33.33333
14.445526251125564,3.9659070870435222,33.33333
14.469294875937969,3.9722960725362686,33.33333
14.493063500750381,3.978685058029015,33.33333
14.516832125562786,3.9850740435217613,33.33333
14.54060075037519,3.9914630290145077,33.33333
14.564369375187596,3.997852014507254,33.33333
14.588138,4.004241,33.33333
