x,y,speed
8.67019,0.0393063,1.16818
8.67989,0.0455254,1.13619
8.68929,0.0516759,1.11029
8.69846,0.0577433,1.08931
8.70743,0.063777,1.07232
8.71668,0.0700671,1.16398
8.71668,0.0700671,1.25129
8.72661,0.0769285,1.25129
8.73664,0.0840105,1.20349
8.74626,0.0909081,1.16479
8.75558,0.0976301,1.13345
8.76509,0.104585,1.2222
8.77526,0.112091,1.30673
8.78606,0.120142,1.38725
8.79687,0.12824,1.31359
8.80714,0.135943,1.25395
8.81746,0.14378,1.33697
8.82835,0.152193,1.41605
8.83919,0.160681,1.33692
8.84938,0.168825,1.27284
8.85907,0.176669,1.22094
8.86831,0.184324,1.17892
8.87762,0.192252,1.26551
8.887,0.200362,1.21501
8.89601,0.208204,1.17412
8.90469,0.215864,1.141
8.91311,0.223367,1.11418
8.92129,0.230772,1.09246
8.92968,0.238452,1.18317
8.93799,0.246195,1.08807
8.94551,0.253385,0.992967
8.95231,0.259967,0.899205
8.95841,0.266043,0.823276
8.96391,0.271745,0.761789
8.96891,0.277163,0.711997
8.97347,0.282365,0.671675
8.97766,0.287401,0.639022
8.97768,0.287417,0.004755
8.9778,0.287526,0.0283039
8.9781,0.287787,0.050733
8.97856,0.288193,0.0720957
8.97918,0.288736,0.0924425
8.97995,0.289411,0.111822
8.98085,0.290212,0.13028
8.9819,0.291132,0.14786
8.98307,0.292167,0.164604
8.98436,0.293311,0.180552
8.98576,0.294561,0.195742
8.98728,0.295912,0.210209
8.9889,0.297361,0.223989
8.99061,0.298903,0.237113
8.99241,0.300537,0.249614
8.9943,0.302258,0.261519
8.99627,0.304065,0.272859
8.99831,0.305955,0.28366
9.00043,0.307925,0.293947
9.0026,0.309972,0.303745
9.00484,0.312094,0.313077
9.00713,0.314289,0.321965
9.00948,0.316555,0.33043
9.01188,0.318889,0.338493
9.01432,0.321289,0.346173
9.0168,0.323754,0.353487
9.01932,0.326282,0.360454
9.02188,0.328871,0.36709
9.02446,0.331519,0.373409
9.02708,0.334225,0.379429
9.02972,0.336988,0.385162
9.03239,0.339805,0.390623
9.03508,0.342676,0.395823
9.03778,0.345598,0.400777
9.0405,0.348572,0.405495
9.04324,0.351595,0.409989
9.04599,0.354666,0.414269
9.04875,0.357784,0.418345
9.05151,0.360949,0.422228
9.05429,0.364158,0.425926
9.05706,0.367411,0.429448
9.05984,0.370707,0.432803
9.06262,0.374045,0.435998
9.0654,0.377424,0.439042
9.06818,0.380843,0.44194
9.07095,0.384301,0.444701
9.07372,0.387798,0.44733
9.07648,0.391332,0.449835
9.07924,0.394902,0.45222
9.08199,0.398509,0.454492
9.08472,0.40215,0.456656
9.08745,0.405826,0.458717
9.09017,0.409535,0.46068
9.09287,0.413277,0.46255
9.09556,0.417052,0.46433
9.09823,0.420858,0.466026
9.10089,0.424695,0.467642
9.10353,0.428563,0.469181
9.10616,0.43246,0.470646
9.10877,0.436386,0.472042
9.11136,0.440341,0.473371
9.11393,0.444323,0.474637
9.11648,0.448333,0.475843
9.11901,0.45237,0.476992
9.12152,0.456433,0.478086
9.124,0.460522,0.479128
9.12647,0.464636,0.480121
9.12891,0.468775,0.481066
9.13133,0.472938,0.481966
9.13373,0.477124,0.482824
9.1361,0.481333,0.48364
9.13846,0.485563,0.484418
9.14078,0.489816,0.485159
9.14309,0.494089,0.485865
9.14537,0.498384,0.486537
9.14762,0.502698,0.487177
9.14986,0.507032,0.487787
9.15206,0.511385,0.488368
9.15425,0.515757,0.488921
9.15425,0.515757,0.489448
9.1564,0.520147,0.489448
9.15854,0.524555,0.489949
9.16064,0.528981,0.490427
9.16272,0.533425,0.490882
9.16478,0.537885,0.491316
9.16681,0.542362,0.491729
9.16881,0.546853,0.492122
9.17079,0.55136,0.492497
9.17275,0.555882,0.492854
9.17468,0.560418,0.493193
9.17659,0.564968,0.493517
9.17847,0.569531,0.493825
9.18033,0.574109,0.494119
9.18216,0.5787,0.494399
9.18397,0.583303,0.494665
9.18557,0.588106,0.518694
9.18676,0.593271,0.54158
9.1878,0.598695,0.563378
9.18883,0.60434,0.584139
9.18988,0.610187,0.603913
9.19092,0.616231,0.622747
9.19197,0.62246,0.640685
9.193,0.62887,0.657771
9.19403,0.635449,0.674044
9.19503,0.642193,0.689543
9.19602,0.649092,0.704305
9.19697,0.656142,0.718366
9.19792,0.663329,0.731757
9.1989,0.670646,0.744512
9.19991,0.678501,0.839612
9.20103,0.687302,0.934712
9.20223,0.697052,1.02981
9.20351,0.707742,1.12349
9.2049,0.71934,1.21272
9.2049,0.71934,1.29771
9.20642,0.731799,1.29771
9.20808,0.745078,1.37865
9.2099,0.759133,1.45575
9.21189,0.773924,1.52918
9.21407,0.789413,1.59911
9.21645,0.805562,1.66573
9.21906,0.822336,1.72917
9.2219,0.839698,1.7896
9.22495,0.857624,1.84715
9.22819,0.876088,1.90197
9.23158,0.895068,1.95418
9.23512,0.91454,2.00391
9.23512,0.91454,2.05127
9.23878,0.934482,2.05127
9.24255,0.954874,2.09639
9.24644,0.975693,2.13935
9.25048,0.99691,2.18028
9.25471,1.0185,2.21926
9.25907,1.04045,2.25638
9.26351,1.06275,2.29174
9.26805,1.08539,2.32542
9.27266,1.10834,2.35749
9.27737,1.1316,2.38804
9.28216,1.15514,2.41714
9.28703,1.17896,2.44486
9.29197,1.20304,2.47125
9.29699,1.22736,2.4964
9.30207,1.25193,2.52034
9.30718,1.27672,2.54315
9.31228,1.30175,2.56487
9.3174,1.32699,2.58556
9.32252,1.35243,2.60527
9.32766,1.37807,2.62404
9.3328,1.40389,2.64192
9.33796,1.42989,2.65894
9.34311,1.45606,2.67516
9.34827,1.48238,2.69061
9.35342,1.50887,2.70532
9.35858,1.53549,2.71933
9.36373,1.56226,2.73268
9.36889,1.58916,2.74539
9.37402,1.6162,2.75749
9.37402,1.6162,2.76903
9.37916,1.64335,2.76903
9.37916,1.64335,2.78001
9.38428,1.67061,2.78001
9.3894,1.69799,2.79047
9.39449,1.72548,2.80043
9.39959,1.75306,2.80992
9.40462,1.78075,2.81896
9.40957,1.80855,2.82757
9.41444,1.83645,2.83577
9.41922,1.86444,2.84358
9.42393,1.89252,2.85101
9.42855,1.92069,2.8581
9.43309,1.94894,2.86485
9.43753,1.97727,2.87127
9.44193,2.00568,2.87739
9.44631,2.03415,2.88322
9.45065,2.06268,2.88878
9.45498,2.09127,2.89407
9.45926,2.11991,2.8991
9.46351,2.14862,2.9039
9.46772,2.17737,2.90847
9.4719,2.20618,2.91282
9.47604,2.23503,2.91697
9.48015,2.26393,2.92092
9.48422,2.29287,2.92468
9.48826,2.32186,2.92826
9.49225,2.35088,2.93167
9.49623,2.37994,2.93492
9.50015,2.40905,2.93801
9.50405,2.43818,2.94096
9.50791,2.46735,2.94377
9.51174,2.49655,2.94644
9.51549,2.52579,2.94899
9.51913,2.55507,2.95141
9.52268,2.58438,2.95372
9.52612,2.61372,2.95592
9.52947,2.6431,2.95802
9.53271,2.67252,2.96002
9.53588,2.70196,2.96192
9.53904,2.73141,2.96373
9.54214,2.7609,2.96545
9.54521,2.7904,2.9671
9.54823,2.81993,2.96866
9.55121,2.84947,2.97015
9.55414,2.87903,2.97157
9.55703,2.90862,2.97292
9.55987,2.93822,2.97421
9.56268,2.96783,2.97544
9.56543,2.99746,2.9766
9.56815,3.02711,2.97772
9.57082,3.05677,2.97878
9.57346,3.08645,2.97979
9.57604,3.11614,2.98075
9.5786,3.14584,2.98166
9.5811,3.17556,2.98253
9.58357,3.20528,2.98336
9.586,3.23502,2.98416
9.58839,3.26477,2.98491
9.59073,3.29453,2.98563
9.59305,3.3243,2.98631
9.59531,3.35408,2.98696
9.59755,3.38387,2.98758
9.59973,3.41367,2.98817
9.60189,3.44348,2.98873
9.60399,3.47329,2.98927
9.60607,3.50312,2.98978
9.60809,3.53295,2.99027
9.61009,3.56279,2.99073
9.61203,3.59263,2.99117
9.61395,3.62248,2.99159
9.61582,3.65234,2.99199
9.61766,3.68221,2.99237
9.61944,3.71208,2.99273
9.6212,3.74196,2.99308
9.6229,3.77184,2.99341
9.62458,3.80173,2.99372
9.62621,3.83163,2.99402
9.6278,3.86153,2.9943
9.62935,3.89143,2.99457
9.63087,3.92134,2.99483
9.63233,3.95125,2.99508
9.63377,3.98117,2.99531
9.63515,4.01109,2.99554
9.63651,4.04102,2.99575
9.63782,4.07095,2.99595
9.63782,4.07095,2.99614
9.63909,4.10088,2.99614
9.64032,4.13082,2.99633
9.64151,4.16076,2.9965
9.64266,4.1907,2.99667
9.64377,4.22065,2.99683
9.64483,4.2506,2.99698
9.64587,4.28055,2.99712
9.64685,4.31051,2.99726
9.64781,4.34047,2.99739
9.64871,4.37043,2.99751
9.64958,4.40039,2.99763
9.65038,4.43036,2.99774
9.65105,4.46033,2.99785
9.65162,4.4903,2.99795
9.65208,4.52028,2.99805
9.65244,4.55025,2.99814
9.65269,4.58024,2.99823
9.65269,4.58024,2.99831
9.65284,4.61022,2.99831
9.65287,4.6402,2.9984
9.6528,4.67019,2.99847
9.65261,4.70017,2.99854
9.65234,4.73015,2.99861
9.65205,4.76014,2.99868
9.65169,4.79012,2.99874
9.6513,4.82011,2.9988
9.65084,4.85009,2.99886
9.65034,4.88008,2.99891
9.64977,4.91006,2.99896
9.64919,4.94005,2.99901
9.64868,4.97003,2.99906
9.64827,5.00002,2.99911
9.64793,5.03001,2.99915
9.64771,5.06,2.99919
9.64771,5.06,2.99923
9.64766,5.08999,2.99923
9.64772,5.11999,2.99926
9.64786,5.14998,2.9993
9.6481,5.17997,2.99933
9.64843,5.20996,2.99936
9.64888,5.23995,2.99939
9.64941,5.26994,2.99942
9.65007,5.29993,2.99945
9.65081,5.32991,2.99948
9.65157,5.3599,2.9995
9.6524,5.38988,2.99953
9.65326,5.41987,2.99955
9.65419,5.44985,2.99957
9.65516,5.47983,2.99959
9.65619,5.50981,2.99961
9.65727,5.53978,2.99963
9.6584,5.56976,2.99965
9.65958,5.59973,2.99966
9.65958,5.59973,2.99968
9.66081,5.6297,2.99968
9.66205,5.65967,2.99969
9.66325,5.68965,2.99971
9.66444,5.71962,2.99972
9.6656,5.7496,2.99974
9.66675,5.77957,2.99975
9.66787,5.80955,2.99976
9.66897,5.83952,2.99977
9.67004,5.8695,2.99978
9.67109,5.89948,2.99979
9.6721,5.92946,2.9998
9.67309,5.95945,2.99981
9.67401,5.98943,2.99982
9.67481,6.01942,2.99983
9.67481,6.01942,2.99984
9.67552,6.04941,2.99984
9.67612,6.0794,2.99985
9.67663,6.10939,2.99985
9.67663,6.10939,2.99986
9.67702,6.13939,2.99986
9.67732,6.16939,2.99987
9.6775,6.19939,2.99987
9.67759,6.22938,2.99988
9.67756,6.25938,2.99988
9.67742,6.28938,2.99989
9.67716,6.31938,2.9999
9.6768,6.34938,2.9999
9.6763,6.37937,2.9999
9.6763,6.37937,2.99991
9.67571,6.40936,2.99991
9.67498,6.43935,2.99991
9.67415,6.46934,2.99992
9.67319,6.49933,2.99992
9.67212,6.52931,2.99993
9.67092,6.55928,2.99993
9.66961,6.58925,2.99993
9.66817,6.61922,2.99994
9.66662,6.64918,2.99994
9.66493,6.67913,2.99994
9.66314,6.70907,2.99994
9.66122,6.73901,2.99995
9.65919,6.76894,2.99995
9.65702,6.79886,2.99995
9.65475,6.82878,2.99995
9.65234,6.85868,2.99996
9.64982,6.88857,2.99996
9.64717,6.91845,2.99996
9.64441,6.94833,2.99996
9.64152,6.97819,2.99996
9.63852,7.00804,2.99997
9.63539,7.03787,2.99997
9.63215,7.0677,2.99997
9.62875,7.0975,2.99997
9.62514,7.12728,2.99997
9.62514,7.12728,2.90487
9.62145,7.15658,2.90487
9.61775,7.18541,2.9094
9.61409,7.2138,2.8143
9.61046,7.24122,2.7192
9.60677,7.26768,2.6241
9.60295,7.29316,2.529
9.59896,7.31766,2.4339
9.59475,7.34114,2.3388
9.59029,7.36362,2.2437
9.58557,7.38507,2.1486
9.58056,7.40547,2.0535
9.57525,7.42481,1.9584
9.56943,7.44377,2.00792
9.56318,7.46235,1.91282
9.55679,7.47987,1.81772
9.55037,7.49637,1.72262
9.54392,7.51183,1.62752
9.53752,7.52628,1.53242
9.53119,7.53971,1.43732
9.525,7.55221,1.35414
9.51853,7.56456,1.43241
9.51182,7.57674,1.35016
9.50531,7.58819,1.28356
9.49899,7.59905,1.22963
9.49277,7.60941,1.18595
9.48633,7.61987,1.27221
9.47966,7.6304,1.22044
9.47319,7.6405,1.17851
9.46687,7.65025,1.14456
9.46065,7.65969,1.11706
9.45452,7.66889,1.0948
9.44841,7.67787,1.07677
9.44235,7.68668,1.06217
9.43629,7.69533,1.05034
9.43025,7.70387,1.04077
9.42427,7.71234,1.03301
9.41826,7.7207,1.02673
9.4122,7.72896,1.02165
9.40611,7.73714,1.01753
9.39997,7.74523,1.0142
9.39383,7.75328,1.0115
9.38769,7.76131,1.00931
9.38151,7.76928,1.00754
9.37526,7.77717,1.00611
9.36896,7.78501,1.00494
9.36229,7.79315,1.09981
9.36229,7.79315,1.19016
9.35495,7.80194,1.19016
9.34699,7.81136,1.27622
9.33848,7.8214,1.35819
9.32945,7.83207,1.43625
9.32052,7.84271,1.34115
9.31229,7.85269,1.24605
9.30474,7.86199,1.15095
9.29777,7.87054,1.05585
9.29132,7.8783,0.960755
9.28536,7.88527,0.873119
9.2798,7.89153,0.802152
9.27455,7.89721,0.744683
9.26952,7.90238,0.698144
9.26468,7.90714,0.660457
9.25996,7.91155,0.629938
9.25535,7.91565,0.605224
9.25081,7.9195,0.58521
9.24632,7.92312,0.569003
9.24187,7.92657,0.555879
9.23748,7.92988,0.545251
9.23313,7.9331,0.536644
9.22882,7.93624,0.529674
9.22454,7.93931,0.52403
9.22027,7.94232,0.51946
9.21602,7.94527,0.515758
9.21178,7.94818,0.512761
9.21178,7.94818,0.510334
9.20754,7.95104,0.510334
9.2033,7.95387,0.508368
9.19906,7.95665,0.506777
9.19481,7.9594,0.505488
9.19055,7.96211,0.504444
9.18628,7.96479,0.503599
9.182,7.96744,0.502914
9.17771,7.97005,0.50236
9.1734,7.97264,0.501911
9.16908,7.97519,0.501548
9.16475,7.97772,0.501253
9.1604,7.98021,0.501015
9.15604,7.98268,0.500822
9.15167,7.98511,0.500666
9.14728,7.98752,0.500539
9.14287,7.9899,0.500436
9.13846,7.99224,0.500353
9.13402,7.99456,0.500286
9.12957,7.99685,0.500232
9.12511,7.99911,0.500188
9.12063,8.00134,0.500152
9.11614,8.00354,0.500123
9.11164,8.00571,0.5001
9.10712,8.00786,0.500081
9.10259,8.00997,0.500065
9.09804,8.01205,0.500053
9.09348,8.0141,0.500043
9.08891,8.01613,0.500035
9.08432,8.01812,0.500028
9.07972,8.02008,0.500023
9.07511,8.02202,0.500018
9.07049,8.02392,0.500015
9.06585,8.02579,0.500012
9.0612,8.02763,0.50001
9.05654,8.02945,0.500008
9.05187,8.03123,0.500006
9.04719,8.03299,0.500005
9.04251,8.03475,0.500004
9.03782,8.03647,0.500003
9.03312,8.03819,0.500003
9.02841,8.03987,0.500002
9.0237,8.04154,0.500002
9.01898,8.04318,0.500001
9.01425,8.0448,0.500001
9.00951,8.04639,0.500001
9.00431,8.04812,0.595101
8.99821,8.05013,0.690201
8.9912,8.05244,0.785301
8.98329,8.05506,0.880401
8.9745,8.05801,0.975501
8.96482,8.06132,1.0706
8.95427,8.06497,1.16234
8.94289,8.06898,1.24972
8.93073,8.07333,1.33295
8.91784,8.07804,1.41222
8.90425,8.08309,1.48772
8.89,8.0885,1.55963
8.87515,8.09427,1.62812
8.85971,8.1004,1.69335
8.84375,8.10691,1.75548
8.82726,8.11376,1.81466
8.81028,8.12091,1.87102
8.7935,8.12806,1.77592
8.77762,8.13488,1.68082
8.7626,8.14128,1.58572
8.7484,8.14721,1.49062
8.73501,8.15262,1.3973
8.72234,8.15754,1.32174
8.71022,8.162,1.26054
8.71022,8.162,1.34325
8.69793,8.1663,1.34325
8.68484,8.17072,1.42203
8.67096,8.17527,1.49706
8.65637,8.17993,1.56853
8.64106,8.1847,1.6366
8.6251,8.18955,1.70143
8.60849,8.19447,1.76317
8.59127,8.19947,1.82198
8.57348,8.20456,1.878
8.55515,8.2097,1.93135
8.53628,8.2149,1.98216
8.51691,8.22011,2.03056
8.49705,8.22536,2.07666
8.47675,8.23066,2.12056
8.456,8.23598,2.16238
8.43484,8.24131,2.20221
8.41328,8.24663,2.24014
8.39133,8.25196,2.27628
8.36903,8.25732,2.31069
8.34638,8.26267,2.34347
8.32341,8.26803,2.37468
8.30012,8.27336,2.40442
8.27652,8.27867,2.43274
8.25263,8.28393,2.45971
8.22846,8.28915,2.4854
8.20402,8.2943,2.50987
8.17933,8.2994,2.53318
8.15438,8.30441,2.55537
8.12921,8.30936,2.57652
8.1038,8.3142,2.59665
8.07818,8.319,2.61583
8.05237,8.32377,2.6341
8.02637,8.32849,2.6515
8.00018,8.33318,2.66807
7.97383,8.3378,2.68385
7.94731,8.34237,2.69888
7.92062,8.34688,2.7132
7.89379,8.35132,2.72684
7.86681,8.35569,2.73983
7.83969,8.36,2.7522
7.81243,8.36423,2.76398
7.78505,8.36839,2.77521
7.75754,8.37246,2.78589
7.72993,8.37648,2.79608
7.70221,8.38051,2.80577
7.67439,8.3845,2.81501
7.64648,8.38848,2.8238
7.61847,8.39243,2.83218
7.59038,8.39636,2.84016
7.56221,8.40024,2.84776
7.53396,8.40411,2.855
7.50563,8.40794,2.8619
7.50563,8.40794,2.86846
7.47724,8.41175,2.86846
7.44877,8.41552,2.87472
7.42024,8.41927,2.88067
7.39164,8.42298,2.88635
7.36299,8.42667,2.89175
7.33428,8.43032,2.8969
7.30551,8.43395,2.9018
7.27669,8.43754,2.90647
7.24783,8.4411,2.91092
7.21891,8.44463,2.91515
7.18995,8.44813,2.91919
7.16094,8.45159,2.92303
7.1319,8.45503,2.92669
7.10281,8.45842,2.93018
7.07369,8.46179,2.9335
7.04452,8.46511,2.93666
7.01533,8.46842,2.93967
6.9861,8.47167,2.94254
6.95684,8.47491,2.94527
6.92754,8.47809,2.94787
6.89822,8.48126,2.95035
6.86887,8.48437,2.95271
6.8395,8.48747,2.95496
6.81009,8.49051,2.9571
6.78067,8.49353,2.95914
6.75122,8.4965,2.96109
6.72174,8.49945,2.96294
6.69225,8.50235,2.9647
6.66273,8.50522,2.96638
6.63319,8.50805,2.96798
6.60364,8.51084,2.9695
6.57406,8.51359,2.97095
6.54447,8.51632,2.97233
6.51486,8.51899,2.97365
6.48524,8.52164,2.9749
6.45559,8.52421,2.97609
6.42593,8.52666,2.97723
6.39625,8.52904,2.97831
6.36655,8.53141,2.97934
6.33684,8.53372,2.98033
6.30712,8.53601,2.98126
6.27739,8.53824,2.98215
6.24765,8.54045,2.983
6.21789,8.5426,2.98381
6.18812,8.54473,2.98458
6.15835,8.54679,2.98531
6.12856,8.54883,2.98601
6.09876,8.55082,2.98668
6.06896,8.55277,2.98731
6.03914,8.55468,2.98791
6.00932,8.55655,2.98849
5.97949,8.55837,2.98904
5.94965,8.56016,2.98956
5.9198,8.5619,2.99005
5.88994,8.56362,2.99053
5.86008,8.56527,2.99098
5.83022,8.56691,2.99141
5.80034,8.56848,2.99181
5.77046,8.57003,2.9922
5.74058,8.57153,2.99257
5.71068,8.573,2.99293
5.68079,8.57442,2.99326
5.65088,8.57581,2.99358
5.62098,8.57715,2.99389
5.59107,8.57846,2.99418
5.56115,8.57971,2.99446
5.53123,8.58094,2.99472
5.5013,8.58212,2.99497
5.47137,8.58327,2.99521
5.44144,8.58436,2.99544
5.4115,8.58543,2.99565
5.38156,8.58645,2.99586
5.35162,8.58744,2.99606
5.32167,8.58837,2.99625
5.29172,8.58929,2.99642
5.26177,8.5902,2.99659
5.26177,8.5902,2.99676
5.23182,8.59104,2.99676
5.20186,8.59186,2.99691
5.1719,8.59263,2.99706
5.14194,8.59339,2.9972
5.11198,8.5942,2.99733
5.08202,8.59503,2.99746
5.05205,8.59589,2.99758
5.02209,8.59675,2.99769
4.99212,8.5976,2.9978
4.96216,8.59845,2.99791
4.93219,8.59927,2.99801
4.90222,8.60005,2.9981
4.87225,8.60082,2.99819
4.84227,8.60157,2.99828
4.8123,8.60228,2.99836
4.78232,8.60297,2.99844
4.75234,8.60361,2.99851
4.72237,8.60424,2.99858
4.69239,8.60487,2.99865
4.6624,8.60544,2.99871
4.63242,8.606,2.99878
4.60244,8.60656,2.99883
4.57246,8.60713,2.99889
4.54247,8.60775,2.99894
4.51249,8.60837,2.99899
4.48251,8.60898,2.99904
4.45252,8.60959,2.99909
4.42254,8.6102,2.99913
4.39255,8.61087,2.99917
4.36257,8.61153,2.99921
4.33258,8.6122,2.99925
4.3026,8.61286,2.99928
4.27261,8.61352,2.99932
4.24263,8.61417,2.99935
4.21264,8.61477,2.99938
4.18265,8.61535,2.99941
4.15266,8.61588,2.99944
4.12267,8.6164,2.99947
4.09268,8.61688,2.99949
4.06269,8.61733,2.99951
4.0327,8.61774,2.99954
4.0027,8.61815,2.99956
3.97271,8.61855,2.99958
3.94272,8.61896,2.9996
3.91272,8.61942,2.99962
3.88273,8.61989,2.99964
3.85274,8.62041,2.99966
3.82275,8.62094,2.99967
3.79276,8.62151,2.99969
3.76276,8.62208,2.9997
3.73277,8.62265,2.99972
3.70278,8.62321,2.99973
3.67279,8.62371,2.99974
3.64279,8.6242,2.99975
3.6128,8.62464,2.99977
3.58281,8.62507,2.99978
3.55281,8.62546,2.99979
3.52281,8.62582,2.9998
3.49282,8.62614,2.99981
3.46282,8.62646,2.99982
3.43283,8.62676,2.99983
3.40283,8.62701,2.99983
3.37283,8.62726,2.99984
3.34283,8.6275,2.99985
3.31284,8.62774,2.99986
3.28284,8.62797,2.99986
3.25284,8.6282,2.99987
3.22284,8.62844,2.99988
3.19284,8.62872,2.99988
3.16285,8.62902,2.99989
3.13285,8.62935,2.99989
3.10285,8.62971,2.9999
3.07286,8.63011,2.9999
3.04286,8.63051,2.99991
3.01286,8.63091,2.99991
2.98287,8.63129,2.99992
2.95287,8.63163,2.99992
2.92287,8.63195,2.99992
2.89287,8.63223,2.99993
2.86288,8.63249,2.99993
2.83288,8.63271,2.99993
2.80288,8.63291,2.99994
2.77288,8.63307,2.99994
2.74288,8.63322,2.99994
2.71288,8.63337,2.99995
2.68288,8.63354,2.99995
2.65288,8.63375,2.99995
2.62289,8.63396,2.99995
2.59289,8.63417,2.99996
2.56289,8.63438,2.99996
2.53289,8.63464,2.99996
2.50289,8.63491,2.99996
2.47289,8.63518,2.99996
2.4429,8.6355,2.99997
2.4129,8.63582,2.99997
2.3829,8.63613,2.99997
2.3529,8.63639,2.99997
2.3229,8.63664,2.99997
2.2929,8.63683,2.99997
2.2629,8.63702,2.99997
2.2329,8.63715,2.99998
2.2029,8.63729,2.99998
2.17291,8.63743,2.99998
2.14291,8.63758,2.99998
2.11291,8.63778,2.99998
2.08291,8.63798,2.99998
2.05291,8.63818,2.99998
2.02291,8.63839,2.99998
1.99291,8.63865,2.99998
1.96291,8.63891,2.99998
1.93291,8.63917,2.99998
1.90292,8.63949,2.99999
1.87292,8.63981,2.99999
1.84292,8.64013,2.99999
1.81292,8.64044,2.99999
1.78292,8.6407,2.99999
1.75292,8.64094,2.99999
1.72292,8.64114,2.99999
1.69292,8.64133,2.99999
1.66292,8.64147,2.99999
1.63293,8.64159,2.99999
1.60293,8.64167,2.99999
1.57293,8.64173,2.99999
1.54293,8.64174,2.99999
1.51293,8.64174,2.99999
1.48293,8.64174,2.99999
1.45293,8.64174,2.99999
1.42293,8.64175,2.99999
1.39293,8.64181,2.99999
1.36293,8.64187,2.99999
1.33293,8.64198,2.99999
1.30293,8.6421,2.99999
1.27293,8.64226,2.99999
1.24293,8.64244,3
1.21293,8.64267,3
1.18293,8.64291,3
1.15293,8.6432,3
1.12293,8.6435,3
1.09293,8.64378,3
1.06294,8.64402,3
1.03294,8.64424,3
1.00294,8.64442,3
0.972937,8.64459,3
0.942937,8.64471,3
0.912938,8.64482,3
0.882938,8.64489,3
0.852938,8.64495,3
0.822938,8.64501,3
0.792938,8.64501,3
0.762938,8.64499,3
0.732938,8.64492,3
0.702938,8.64485,3
0.672938,8.64477,3
0.642938,8.6447,3
0.612938,8.64467,3
0.582938,8.64466,3
0.552938,8.6447,3
0.522938,8.64474,3
0.492939,8.64483,3
0.462939,8.64493,3
0.432939,8.64507,3
0.40294,8.64524,3
0.37294,8.64545,3
0.342941,8.64567,3
0.312942,8.64588,3
0.282943,8.64609,3
0.252943,8.64625,3
0.222943,8.6464,3
0.192944,8.6465,3
0.162944,8.6466,3
0.132944,8.64665,3
0.102944,8.64668,3
0.0729439,8.64667,3
0.0429439,8.64665,3
0.012944,8.64664,3
-0.017056,8.64663,3
-0.047056,8.64663,3
-0.077056,8.64667,3
-0.107056,8.64673,3
-0.137056,8.64683,3
-0.167056,8.64695,3
-0.197055,8.64711,3
-0.227055,8.64728,3
-0.257054,8.6475,3
-0.287053,8.64772,3
-0.317053,8.64788,3
-0.347052,8.64802,3
-0.377052,8.64813,3
-0.407052,8.64823,3
-0.437052,8.64832,3
-0.467052,8.64837,3
-0.497052,8.6484,3
-0.527052,8.64839,3
-0.557052,8.64835,3
-0.587051,8.64827,3
-0.617051,8.64819,3
-0.647051,8.6481,3
-0.677051,8.64802,3
-0.707051,8.64794,3
-0.737051,8.64791,3
-0.767051,8.64789,3
-0.797051,8.64791,3
-0.827051,8.64795,3
-0.857051,8.64803,3
-0.887051,8.64813,3
-0.91705,8.64827,3
-0.94705,8.64842,3
-0.97705,8.64856,3
-1.00705,8.64871,3
-1.03705,8.64886,3
-1.06705,8.649,3
-1.09705,8.64909,3
-1.12705,8.64917,3
-1.15705,8.64921,3
-1.18705,8.64923,3
-1.21705,8.64921,3
-1.24705,8.64917,3
-1.27705,8.64908,3
-1.30705,8.64899,3
-1.33705,8.64892,3
-1.36705,8.64889,3
-1.39705,8.64887,3
-1.42705,8.64885,3
-1.45705,8.64888,3
-1.48705,8.6489,3
-1.51705,8.64893,3
-1.54705,8.64896,3
-1.57705,8.64904,3
-1.60705,8.64914,3
-1.63705,8.64928,3
-1.66705,8.64943,3
-1.69705,8.64958,3
-1.72705,8.64974,3
-1.75705,8.64988,3
-1.78705,8.64997,3
-1.81705,8.65005,3
-1.84705,8.65009,3
-1.87705,8.65011,3
-1.90705,8.65008,3
-1.93705,8.65004,3
-1.96705,8.64996,3
-1.99705,8.64988,3
-2.02705,8.64985,3
-2.05705,8.64985,3
-2.08704,8.64988,3
-2.11704,8.64993,3
-2.14704,8.65002,3
-2.17704,8.65012,3
-2.20704,8.65021,3
-2.23704,8.65029,3
-2.26704,8.65036,3
-2.29704,8.65039,3
-2.32704,8.65041,3
-2.35704,8.65045,3
-2.38704,8.65054,3
-2.41704,8.65064,3
-2.44704,8.65072,3
-2.47704,8.65076,3
-2.50704,8.65077,3
-2.53704,8.65074,3
-2.56704,8.6507,3
-2.59704,8.65067,3
-2.62704,8.65065,3
-2.65704,8.65068,3
-2.68704,8.65072,3
-2.71704,8.65075,3
-2.74704,8.65078,3
-2.77704,8.65082,3
-2.80704,8.65091,3
-2.83704,8.651,3
-2.86704,8.6511,3
-2.89704,8.65126,3
-2.92704,8.6514,3
-2.95704,8.6515,3
-2.98704,8.65157,3
-3.01704,8.6516,3
-3.04704,8.65163,3
-3.07704,8.65165,3
-3.10704,8.65163,3
-3.13704,8.65159,3
-3.16704,8.6515,3
-3.19704,8.6514,3
-3.22704,8.65132,3
-3.25704,8.65129,3
-3.28704,8.65127,3
-3.31704,8.6513,3
-3.34704,8.65134,3
-3.37704,8.65143,3
-3.40704,8.65151,3
-3.43704,8.6516,3
-3.46704,8.65168,3
-3.49704,8.65175,3
-3.52704,8.65177,3
-3.55704,8.65177,3
-3.58704,8.65173,3
-3.61704,8.65169,3
-3.64704,8.65165,3
-3.67704,8.65162,3
-3.70704,8.65158,3
-3.73704,8.65155,3
-3.76704,8.65152,3
-3.79704,8.65154,3
-3.82704,8.65159,3
-3.85704,8.65167,3
-3.88704,8.65176,3
-3.91704,8.65185,3
-3.94704,8.65194,3
-3.97704,8.65209,3
-4.00704,8.65225,3
-4.03704,8.6524,3
-4.06704,8.65256,3
-4.09704,8.6527,3
-4.12704,8.6528,3
-4.15704,8.65288,3
-4.18704,8.65292,3
-4.21704,8.65295,3
-4.24704,8.65293,3
-4.27704,8.65289,3
-4.30704,8.65281,3
-4.33704,8.65273,3
-4.36704,8.6527,3
-4.39704,8.65268,3
-4.42704,8.65266,3
-4.45704,8.65264,3
-4.48704,8.65266,3
-4.51704,8.65271,3
-4.54704,8.65279,3
-4.57704,8.65288,3
-4.60704,8.65297,3
-4.63704,8.65305,3
-4.66704,8.65314,3
-4.69704,8.65322,3
-4.72704,8.65331,3
-4.75704,8.6534,3
-4.78704,8.65349,3
-4.81704,8.65357,3
-4.84704,8.65361,3
-4.87704,8.65362,3
-4.90704,8.65359,3
-4.93704,8.65356,3
-4.96704,8.65353,3
-4.99704,8.6535,3
-5.02704,8.65348,3
-5.05704,8.65345,3
-5.08704,8.65341,3
-5.11704,8.65338,3
-5.14704,8.65335,3
-5.17704,8.65338,3
-5.20704,8.6534,3
-5.23704,8.65343,3
-5.26704,8.65345,3
-5.29704,8.65348,3
-5.32704,8.65356,3
-5.35704,8.65365,3
-5.38704,8.65372,3
-5.41704,8.65374,3
-5.44704,8.65376,3
-5.47704,8.65378,3
-5.50704,8.65379,3
-5.53704,8.65376,3
-5.56704,8.65372,3
-5.59704,8.65368,3
-5.62704,8.65364,3
-5.65704,8.6536,3
-5.68704,8.6535,3
-5.71704,8.65339,3
-5.74704,8.65329,3
-5.77704,8.65325,3
-5.80704,8.65322,3
-5.83704,8.65324,3
-5.86704,8.65327,3
-5.89704,8.65335,3
-5.92703,8.65343,3
-5.95703,8.65351,3
-5.98703,8.65357,3
-6.01703,8.65359,3
-6.04703,8.65359,3
-6.07703,8.65354,3
-6.10703,8.65348,3
-6.13703,8.65338,3
-6.16703,8.65327,3
-6.19703,8.65316,3
-6.22703,8.65307,3
-6.25703,8.65303,3
-6.28703,8.65299,3
-6.31703,8.65296,3
-6.34703,8.65298,3
-6.37703,8.65301,3
-6.40703,8.65308,3
-6.43703,8.65316,3
-6.46703,8.65324,3
-6.49703,8.65332,3
-6.52703,8.6534,3
-6.55703,8.65348,3
-6.58703,8.65355,3
-6.61703,8.65357,3
-6.64703,8.65358,3
-6.67703,8.65354,3
-6.70703,8.6535,3
-6.73703,8.65347,3
-6.76703,8.65344,3
-6.79703,8.6534,3
-6.82703,8.65336,3
-6.85703,8.65326,3
-6.88703,8.65315,3
-6.91703,8.65303,3
-6.94703,8.65286,3
-6.97703,8.6527,3
-7.00703,8.65259,3
-7.03703,8.65249,3
-7.06703,8.65244,3
-7.09703,8.6524,3
-7.12703,8.6524,3
-7.15703,8.65242,3
-7.18703,8.65249,3
-7.21703,8.65257,3
-7.24703,8.6527,3
-7.27703,8.65283,3
-7.30703,8.6529,3
-7.33703,8.65296,3
-7.36703,8.65297,3
-7.39703,8.65297,3
-7.42703,8.65293,3
-7.45703,8.65288,3
-7.48703,8.65278,3
-7.51703,8.65266,3
-7.54703,8.6525,3
-7.57703,8.65233,3
-7.60703,8.65218,3
-7.63703,8.65207,3
-7.66703,8.65197,3
-7.69703,8.65187,3
-7.72703,8.65182,3
-7.75703,8.65178,3
-7.78703,8.65179,3
-7.81703,8.65181,3
-7.84703,8.65187,3
-7.87703,8.65195,3
-7.90703,8.65208,3
-7.93703,8.65222,3
-7.96703,8.65236,3
-7.99703,8.6525,3
-8.02703,8.65263,3
-8.05703,8.65271,3
-8.08703,8.65278,3
-8.11703,8.65281,3
-8.14703,8.65283,3
-8.17703,8.6528,3
-8.20703,8.65276,3
-8.23703,8.65267,3
-8.26703,8.65258,3
-8.29703,8.65249,3
-8.32703,8.65239,3
-8.35703,8.65231,3
-8.38703,8.65228,3
-8.41702,8.65226,3
-8.44702,8.65228,3
-8.47702,8.65231,3
-8.50702,8.65239,3
-8.53702,8.65246,3
-8.56702,8.65248,3
-8.59702,8.65247,3
-8.62702,8.65242,3
-8.65702,8.65237,3
-8.68702,8.65232,3
-8.71702,8.65228,3
-8.74702,8.65224,3
-8.77702,8.65219,3
-8.80702,8.65215,3
-8.83702,8.65212,3
-8.86702,8.65213,3
-8.89702,8.65217,3
-8.92702,8.65225,3
-8.95702,8.65235,3
-8.98702,8.65249,3
-9.01702,8.65264,3
-9.04702,8.65279,3
-9.07702,8.65293,3
-9.10702,8.65302,3
-9.13702,8.65309,3
-9.16702,8.65312,3
-9.19702,8.65314,3
-9.22702,8.65311,3
-9.25702,8.65307,3
-9.28702,8.65298,3
-9.31702,8.65289,3
-9.34702,8.65278,3
-9.37702,8.65263,3
-9.40702,8.65248,3
-9.43702,8.65237,3
-9.46702,8.65229,3
-9.49702,8.65224,3
-9.52702,8.65221,3
-9.55702,8.65222,3
-9.58702,8.65225,3
-9.61702,8.65232,3
-9.64702,8.65241,3
-9.67702,8.65254,3
-9.70702,8.65267,3
-9.73702,8.65275,3
-9.76702,8.65282,3
-9.79702,8.65288,3
-9.82702,8.65291,3
-9.85702,8.65291,3
-9.88702,8.65288,3
-9.91702,8.65284,3
-9.94702,8.65281,3
-9.97702,8.65277,3
-10.007,8.65274,3
-10.037,8.6527,3
-10.067,8.6526,3
-10.097,8.65248,3
-10.127,8.65232,3
-10.157,8.65215,3
-10.187,8.65204,3
-10.217,8.65195,3
-10.247,8.6519,3
-10.277,8.65186,3
-10.307,8.65187,3
-10.337,8.6519,3
-10.367,8.65196,3
-10.397,8.65205,3
-10.427,8.65218,3
-10.457,8.65232,3
-10.487,8.65247,3
-10.517,8.65267,3
-10.547,8.65287,3
-10.577,8.65302,3
-10.607,8.65316,3
-10.637,8.65325,3
-10.667,8.65334,3
-10.697,8.65338,3
-10.727,8.6534,3
-10.757,8.65338,3
-10.787,8.65335,3
-10.817,8.65327,3
-10.847,8.65317,3
-10.877,8.65302,3
-10.907,8.65285,3
-10.937,8.65264,3
-10.967,8.65239,3
-10.997,8.6521,3
-11.027,8.65178,3
-11.057,8.65141,3
-11.087,8.65102,3
-11.117,8.65057,3
-11.147,8.6501,3
-11.177,8.64957,3
-11.207,8.64902,3
-11.237,8.64841,3
-11.267,8.64778,3
-11.297,8.6471,3
-11.327,8.64638,3
-11.3569,8.64562,3
-11.3869,8.64482,3
-11.4169,8.64398,3
-11.4469,8.6431,3
-11.4769,8.64215,3
-11.5069,8.64107,3
-11.5369,8.6399,3
-11.5668,8.63861,3
-11.5968,8.63723,3
-11.6268,8.63572,3
-11.6567,8.63413,3
-11.6867,8.63241,3
-11.7166,8.6306,3
-11.7465,8.62866,3
-11.7765,8.62662,3
-11.8064,8.62445,3
-11.8363,8.62218,3
-11.8662,8.61978,3
-11.8961,8.61728,3
-11.926,8.61465,3
-11.9559,8.61191,3
-11.9857,8.60902,3
-12.0156,8.60592,3
-12.0454,8.60265,3
-12.0752,8.59918,3
-12.105,8.59554,3
-12.1347,8.59171,3
-12.164,8.58776,2.9049
-12.164,8.58776,2.8098
-12.1923,8.58371,2.8098
-12.2196,8.57949,2.7147
-12.2459,8.57503,2.6196
-12.2711,8.57028,2.5245
-12.2954,8.56525,2.4294
-12.3186,8.56002,2.3343
-12.3408,8.55455,2.2392
-12.362,8.5488,2.1441
-12.362,8.5488,2.049
-12.3821,8.54276,2.049
-12.4011,8.53658,1.9539
-12.4191,8.53034,1.8588
-12.4361,8.52399,1.7637
-12.452,8.51754,1.6686
-12.4669,8.51112,1.5735
-12.4807,8.5048,1.4784
-12.4937,8.49858,1.38741
-12.5057,8.49249,1.31372
-12.5171,8.48652,1.25405
-12.5171,8.48652,1.33707
-12.5284,8.48026,1.33707
-12.5404,8.47345,1.41615
-12.5523,8.46656,1.33699
-12.5635,8.45993,1.2729
-12.5748,8.45318,1.35502
-12.5867,8.44592,1.43324
-12.5992,8.4382,1.50774
-12.6123,8.43001,1.5787
-12.6252,8.42181,1.4836
-12.638,8.41355,1.5557
-12.6513,8.40483,1.62438
-12.6644,8.39608,1.52928
-12.6767,8.38781,1.43418
-12.6889,8.37955,1.50863
-12.7016,8.37079,1.57955
-12.7148,8.36152,1.64709
-12.7278,8.35226,1.55199
-12.7407,8.34301,1.62084
-12.7541,8.33328,1.68642
-12.7673,8.32351,1.59132
-12.7796,8.31419,1.49622
-12.7917,8.30481,1.56773
-12.8043,8.2949,1.63583
-12.8043,8.2949,1.7007
-12.8173,8.28447,1.7007
-12.8301,8.27403,1.6056
-12.8421,8.26408,1.5105
-12.8539,8.25412,1.58132
-12.8539,8.25412,1.48622
-12.8655,8.24409,1.48622
-12.8769,8.23398,1.5582
-12.8881,8.22382,1.4631
-12.8984,8.21418,1.368
-12.908,8.2051,1.2729
-12.9168,8.19655,1.1778
-12.9247,8.18851,1.0827
-12.9319,8.18098,0.987603
-12.9319,8.18098,0.894861
-12.9381,8.17397,0.894861
-12.9437,8.16743,0.819759
-12.9486,8.16124,0.75894
-12.953,8.15535,0.70969
-12.953,8.15535,0.669807
-12.9569,8.14971,0.669807
-12.9606,8.14429,0.63751
-12.964,8.13906,0.611355
-12.9672,8.13399,0.590176
-12.9703,8.12906,0.573024
-12.9732,8.12423,0.559135
-12.9761,8.11948,0.547887
-12.9789,8.1148,0.538779
-12.9789,8.1148,0.531403
-12.9815,8.11017,0.531403
-12.9842,8.10558,0.525431
-12.9867,8.10102,0.520594
-12.9892,8.09647,0.516677
-12.9917,8.09195,0.513505
-12.9941,8.08743,0.510936
-12.9964,8.08291,0.508856
-12.9988,8.0784,0.507172
-13.0011,8.07388,0.505808
-13.0033,8.06936,0.504703
-13.0056,8.06484,0.503809
-13.0077,8.0603,0.503084
-13.0099,8.05576,0.502498
-13.012,8.05121,0.502023
-13.0141,8.04665,0.501638
-13.0162,8.04208,0.501326
-13.0182,8.0375,0.501074
-13.0202,8.0329,0.50087
-13.0222,8.0283,0.500704
-13.0241,8.02368,0.50057
-13.026,8.01905,0.500462
-13.0279,8.01442,0.500374
-13.0297,8.00976,0.500303
-13.0316,8.0051,0.500245
-13.0333,8.00043,0.500199
-13.0351,7.99575,0.500161
-13.0369,7.99107,0.50013
-13.0386,7.98638,0.500105
-13.0403,7.98168,0.500085
-13.042,7.97697,0.500069
-13.0437,7.97226,0.500056
-13.0453,7.96753,0.500045
-13.0469,7.96281,0.500037
-13.0485,7.95807,0.50003
-13.0501,7.95332,0.500024
-13.0516,7.94856,0.50002
-13.0532,7.9438,0.500016
-13.0546,7.93902,0.500013
-13.0561,7.93424,0.50001
-13.0575,7.92944,0.500008
-13.0589,7.92465,0.500007
-13.0604,7.91986,0.500006
-13.0618,7.91506,0.500004
-13.0632,7.91026,0.500004
-13.0645,7.90545,0.500003
-13.0659,7.90063,0.500002
-13.0672,7.89581,0.500002
-13.0685,7.89097,0.500002
-13.0698,7.88602,0.523776
-13.0711,7.88084,0.546421
-13.0724,7.87543,0.567989
-13.0738,7.86981,0.588531
-13.0753,7.86401,0.608096
-13.0767,7.85801,0.626731
-13.0782,7.85184,0.64448
-13.0797,7.84548,0.661385
-13.0812,7.83895,0.677486
-13.0827,7.83227,0.692822
-13.0842,7.82542,0.707428
-13.0857,7.81803,0.802528
-13.0875,7.80971,0.897628
-13.0894,7.80046,0.992728
-13.0916,7.79029,1.08783
-13.094,7.77922,1.17875
-13.0967,7.7673,1.26535
-13.0997,7.75457,1.34783
-13.1029,7.74108,1.4264
-13.1064,7.72686,1.50122
-13.1101,7.71196,1.57249
-13.1142,7.69643,1.64037
-13.1186,7.68028,1.70502
-13.1233,7.66356,1.76659
-13.1282,7.64629,1.82524
-13.1333,7.62848,1.8811
-13.1386,7.61015,1.9343
-13.1439,7.5913,1.98498
-13.1494,7.57197,2.03324
-13.1549,7.55216,2.07921
-13.1606,7.53192,2.123
-13.1662,7.51124,2.1647
-13.1662,7.51124,2.20442
-13.172,7.49017,2.20442
-13.1778,7.4687,2.24225
-13.1836,7.44686,2.27828
-13.1836,7.44686,2.31259
-13.1895,7.42467,2.31259
-13.1954,7.40214,2.34528
-13.2014,7.37931,2.37641
-13.2075,7.35618,2.40606
-13.2136,7.33278,2.43431
-13.2136,7.33278,2.4612
-13.2198,7.30909,2.4612
-13.2259,7.28512,2.48682
-13.2321,7.2609,2.51123
-13.2382,7.23643,2.53447
-13.2443,7.21171,2.5566
-13.2504,7.18677,2.57769
-13.2564,7.16161,2.59777
-13.2624,7.13623,2.61689
-13.2683,7.11064,2.63511
-13.2741,7.08484,2.65246
-13.2797,7.05885,2.66899
-13.2853,7.03267,2.68473
-13.2908,7.0063,2.69972
-13.2961,6.97978,2.714
-13.3015,6.9531,2.7276
-13.3068,6.92627,2.74055
-13.312,6.8993,2.75289
-13.3171,6.8722,2.76464
-13.3222,6.84497,2.77583
-13.3273,6.81763,2.78649
-13.3324,6.79018,2.79664
-13.3375,6.76263,2.80631
-13.3425,6.73498,2.81552
-13.3475,6.70723,2.82429
-13.3525,6.67939,2.83265
-13.3575,6.65146,2.8406
-13.3625,6.62345,2.84818
-13.3625,6.62345,2.8554
-13.3674,6.59536,2.8554
-13.3723,6.5672,2.86228
-13.3772,6.53896,2.86883
-13.382,6.51065,2.87506
-13.3868,6.48228,2.881
-13.3916,6.45384,2.88666
-13.3964,6.42534,2.89205
-13.4011,6.39678,2.89718
-13.4058,6.36817,2.90207
-13.4105,6.33951,2.90673
-13.4152,6.31079,2.91116
-13.4198,6.28203,2.91539
-13.4244,6.25322,2.91941
-13.4289,6.22436,2.92324
-13.4335,6.19546,2.92689
-13.4379,6.16652,2.93037
-13.4424,6.13755,2.93368
-13.4468,6.10853,2.93683
-13.4512,6.07948,2.93984
-13.4556,6.05039,2.9427
-13.4599,6.02127,2.94542
-13.4642,5.99212,2.94802
-13.4685,5.96294,2.95049
-13.4727,5.93372,2.95284
-13.4769,5.90449,2.95509
-13.4811,5.87521,2.95722
-13.4851,5.8459,2.95926
-13.489,5.81656,2.96119
-13.4928,5.78719,2.96304
-13.4965,5.75779,2.9648
-13.5003,5.72837,2.96647
-13.504,5.69892,2.96806
-13.5076,5.66946,2.96958
-13.5112,5.63997,2.97103
-13.5146,5.61046,2.97241
-13.518,5.58092,2.97372
-13.5212,5.55135,2.97497
-13.5244,5.52176,2.97616
-13.5274,5.49215,2.97729
-13.5303,5.46251,2.97837
-13.5331,5.43285,2.9794
-13.5358,5.40318,2.98038
-13.5384,5.37348,2.98131
-13.5409,5.34377,2.9822
-13.5434,5.31405,2.98305
-13.5458,5.28431,2.98385
-13.5458,5.28431,2.98462
-13.5482,5.25456,2.98462
-13.5505,5.22481,2.98535
-13.5528,5.19504,2.98605
-13.555,5.16525,2.98671
-13.5572,5.13546,2.98734
-13.5593,5.10566,2.98795
-13.5614,5.07585,2.98852
-13.5634,5.04603,2.98907
-13.5654,5.01621,2.98959
-13.5674,4.98637,2.99008
-13.5693,4.95653,2.99055
-13.5711,4.92668,2.991
-13.5729,4.89682,2.99143
-13.5748,4.86696,2.99184
-13.5766,4.8371,2.99223
-13.5784,4.80723,2.99259
-13.5802,4.77735,2.99295
-13.582,4.74747,2.99328
-13.5837,4.71759,2.9936
-13.5854,4.6877,2.99391
-13.587,4.6578,2.9942
-13.5886,4.6279,2.99447
-13.5902,4.598,2.99473
-13.5917,4.56809,2.99498
-13.5932,4.53818,2.99522
-13.5947,4.50826,2.99545
-13.5961,4.47834,2.99567
-13.5975,4.44841,2.99587
-13.5989,4.41849,2.99607
-13.6003,4.38856,2.99626
-13.6017,4.35863,2.99643
-13.6032,4.3287,2.9966
-13.6046,4.29876,2.99677
-13.6061,4.26883,2.99692
-13.6076,4.2389,2.99707
-13.609,4.20896,2.99721
-13.6105,4.17902,2.99734
-13.6119,4.14908,2.99746
-13.6132,4.11914,2.99759
-13.6146,4.08919,2.9977
-13.6159,4.05924,2.99781
-13.6171,4.02929,2.99791
-13.6184,3.99934,2.99801
-13.6196,3.96938,2.99811
-13.6207,3.93942,2.9982
-13.6219,3.90946,2.99828
-13.623,3.8795,2.99836
-13.624,3.84953,2.99844
-13.625,3.81956,2.99852
-13.626,3.7896,2.99859
-13.627,3.75963,2.99865
-13.628,3.72965,2.99872
-13.6289,3.69968,2.99878
-13.6298,3.66971,2.99884
-13.6307,3.63973,2.99889
-13.6317,3.60976,2.99895
-13.6327,3.57978,2.999
-13.6337,3.54981,2.99904
-13.6347,3.51984,2.99909
-13.6358,3.48987,2.99913
-13.6368,3.45989,2.99917
-13.6379,3.42992,2.99921
-13.6388,3.39994,2.99925
-13.6398,3.36996,2.99929
-13.6407,3.33999,2.99932
-13.6416,3.31001,2.99935
-13.6424,3.28002,2.99938
-13.6433,3.25004,2.99941
-13.644,3.22006,2.99944
-13.644,3.22006,2.99947
-13.6448,3.19007,2.99947
-13.6455,3.16009,2.99949
-13.6462,3.1301,2.99952
-13.6469,3.10011,2.99954
-13.6475,3.07012,2.99956
-13.6481,3.04013,2.99958
-13.6486,3.01014,2.9996
-13.6491,2.98015,2.99962
-13.6495,2.95016,2.99964
-13.65,2.92016,2.99966
-13.6504,2.89017,2.99967
-13.6507,2.86017,2.99969
-13.651,2.83018,2.9997
-13.6513,2.80018,2.99972
-13.6515,2.77019,2.99973
-13.6517,2.74019,2.99974
-13.6518,2.71019,2.99976
-13.6519,2.68019,2.99977
-13.652,2.6502,2.99978
-13.652,2.6202,2.99979
-13.6521,2.5902,2.9998
-13.6522,2.5602,2.99981
-13.6523,2.5302,2.99982
-13.6524,2.50021,2.99983
-13.6526,2.47021,2.99983
-13.6527,2.44021,2.99984
-13.6527,2.41021,2.99985
-13.6528,2.38021,2.99986
-13.6528,2.35022,2.99986
-13.6527,2.32022,2.99987
-13.6527,2.29022,2.99988
-13.6526,2.26022,2.99988
-13.6524,2.23022,2.99989
-13.6523,2.20022,2.99989
-13.6521,2.17022,2.9999
-13.6518,2.14023,2.9999
-13.6515,2.11023,2.99991
-13.6511,2.08023,2.99991
-13.6505,2.05024,2.99992
-13.6499,2.02025,2.99992
-13.6492,1.99026,2.99992
-13.6483,1.96027,2.99993
-13.6474,1.93028,2.99993
-13.6463,1.9003,2.99993
-13.6452,1.87033,2.99994
-13.6439,1.84035,2.99994
-13.6425,1.81039,2.99994
-13.641,1.78043,2.99995
-13.6394,1.75047,2.99995
-13.6376,1.72052,2.99995
-13.6358,1.69058,2.99995
-13.6338,1.66064,2.99996
-13.6317,1.63072,2.99996
-13.6295,1.6008,2.99996
-13.6272,1.57089,2.99996
-13.6248,1.54099,2.99996
-13.6222,1.5111,2.99997
-13.6195,1.48122,2.99997
-13.6166,1.45136,2.99997
-13.6135,1.42152,2.99997
-13.6102,1.39171,2.99997
-13.6067,1.36191,2.99997
-13.6031,1.33213,2.99997
-13.5993,1.30237,2.99998
-13.5953,1.27263,2.99998
-13.5913,1.24291,2.99998
-13.5871,1.2132,2.99998
-13.5829,1.18398,2.90488
-13.5785,1.15575,2.80978
-13.5739,1.1285,2.71468
-13.5693,1.10223,2.61958
-13.5646,1.07695,2.52448
-13.5597,1.05267,2.42938
-13.5545,1.02942,2.33428
-13.5491,1.00721,2.23918
-13.5434,0.986057,2.14408
-13.5373,0.965979,2.04898
-13.531,0.946986,1.95388
-13.5245,0.929056,1.85878
-13.5179,0.912195,1.76368
-13.5113,0.896381,1.66858
-13.5046,0.881622,1.57348
-13.4979,0.867875,1.47838
-13.4915,0.855079,1.38739
-13.4852,0.843124,1.31371
-13.479,0.831893,1.25404
-13.4728,0.821248,1.20572
-13.4667,0.811103,1.16659
-13.4606,0.801338,1.13491
-13.4546,0.791865,1.10925
-13.4486,0.782665,1.08847
-13.4425,0.773713,1.07164
-13.4365,0.764949,1.05802
-13.4304,0.756357,1.04698
-13.4243,0.747881,1.03805
-13.4183,0.739485,1.03081
-13.4122,0.731178,1.02495
-13.4062,0.72294,1.0202
-13.4001,0.714795,1.01636
-13.3939,0.706755,1.01325
-13.3876,0.698775,1.01073
-13.3814,0.690827,1.00869
-13.3752,0.682931,1.00704
-13.3689,0.675072,1.0057
-13.3625,0.667282,1.00461
-13.3558,0.659206,1.09949
-13.3558,0.659206,1.18986
-13.3484,0.650453,1.18986
-13.3404,0.64103,1.27594
-13.3404,0.64103,1.35791
-13.332,0.630948,1.35791
-13.323,0.62022,1.436
-13.3137,0.608857,1.51036
-13.3039,0.596873,1.5812
-13.2943,0.584884,1.4861
-13.2855,0.573528,1.391
-13.2773,0.562864,1.2959
-13.2697,0.552961,1.2008
-13.2626,0.543862,1.1057
-13.256,0.535589,1.0106
-13.2499,0.528147,0.915497
-13.2442,0.521479,0.836469
-13.2389,0.515462,0.772473
-13.2389,0.515462,0.720648
-13.2338,0.509993,0.720648
-13.2289,0.504981,0.678681
-13.2242,0.500355,0.644696
-13.2196,0.496054,0.617175
-13.2151,0.492033,0.594888
-13.2106,0.488252,0.57684
-13.2106,0.488252,0.562225
-13.2062,0.484679,0.562225
-13.2018,0.481276,0.55039
-13.1974,0.47799,0.540806
-13.1931,0.474796,0.533045
-13.1888,0.471677,0.52676
-13.1845,0.468623,0.52167
-13.1803,0.465627,0.517548
-13.1761,0.462681,0.514211
-13.1718,0.459781,0.511508
-13.1718,0.459781,0.509319
-13.1676,0.456924,0.509319
-13.1634,0.454107,0.507546
-13.1591,0.451326,0.506111
-13.1549,0.448581,0.504949
-13.1549,0.448581,0.504008
-13.1506,0.44587,0.504008
-13.1464,0.443191,0.503245
-13.1421,0.440544,0.502628
-13.1378,0.437929,0.502128
-13.1335,0.435344,0.501723
-13.1292,0.432789,0.501396
-13.1249,0.430264,0.50113
-13.1205,0.427768,0.500915
-13.1161,0.425302,0.500741
-13.1118,0.422865,0.5006
-13.1074,0.420458,0.500486
-13.103,0.41808,0.500394
-13.0986,0.415731,0.500319
-13.0941,0.413411,0.500258
-13.0897,0.411121,0.500209
-13.0852,0.40886,0.500169
-13.0852,0.40886,0.500137
-13.0807,0.406628,0.500137
-13.0763,0.404426,0.500111
-13.0718,0.402253,0.50009
-13.0672,0.400109,0.500073
-13.0627,0.397996,0.500059
-13.0582,0.395911,0.500048
-13.0536,0.393857,0.500039
-13.049,0.391833,0.500031
-13.0444,0.389838,0.500025
-13.0398,0.387874,0.500021
-13.0352,0.385939,0.500017
-13.0306,0.384035,0.500013
-13.026,0.382161,0.500011
-13.0213,0.380317,0.500009
-13.0167,0.378504,0.500007
-13.012,0.376721,0.500006
-13.0073,0.374968,0.500005
-13.0026,0.373246,0.500004
-13.0026,0.373246,0.500003
-12.9979,0.371555,0.500003
-12.9932,0.369895,0.500002
-12.9885,0.368265,0.500002
-12.9837,0.366667,0.500002
-12.979,0.365099,0.500001
-12.9742,0.363562,0.500001
-12.9695,0.362057,0.500001
-12.9647,0.360582,0.500001
-12.9599,0.359129,0.500001
-12.9551,0.357679,0.5
-12.9503,0.356262,0.5
-12.9455,0.354854,0.5
-12.9407,0.353483,0.5
-12.9359,0.352121,0.5
-12.9311,0.350795,0.5
-12.9263,0.349479,0.5
-12.921,0.34808,0.5951
-12.9147,0.346429,0.6902
-12.9076,0.344567,0.7853
-12.8995,0.342482,0.8804
-12.8906,0.34015,0.9755
-12.8807,0.337554,1.0706
-12.8699,0.334686,1.16234
-12.8582,0.331542,1.24972
-12.8458,0.328123,1.33295
-12.8326,0.324427,1.41222
-12.8186,0.32045,1.48772
-12.804,0.316188,1.55963
-12.7887,0.311632,1.62812
-12.7728,0.306774,1.69335
-12.7564,0.3016,1.75548
-12.7394,0.296105,1.81466
-12.7219,0.290327,1.87102
-12.7039,0.284344,1.9247
-12.6854,0.278237,1.97583
-12.6663,0.272079,2.02453
-12.6468,0.265939,2.07092
-12.6268,0.25986,2.11509
-12.6063,0.253827,2.15717
-12.5853,0.247868,2.19725
-12.564,0.241967,2.23542
-12.5422,0.236157,2.27177
-12.5201,0.230401,2.3064
-12.4975,0.224672,2.33938
-12.4747,0.219004,2.37079
-12.4515,0.213388,2.40071
-12.428,0.207858,2.42921
-12.4042,0.202401,2.45635
-12.3801,0.19705,2.4822
-12.3557,0.191769,2.50682
-12.3311,0.186525,2.53027
-12.3062,0.181355,2.55261
-12.2811,0.176243,2.57388
-12.2557,0.171223,2.59414
-12.2301,0.166278,2.61344
-12.2044,0.161439,2.63182
-12.1784,0.156688,2.64933
-12.1522,0.152053,2.666
-12.1259,0.147493,2.68189
-12.0994,0.142969,2.69701
-12.0727,0.138514,2.71142
-12.0459,0.134109,2.72514
-12.0189,0.129786,2.73821
-11.9918,0.125521,2.75066
-11.9645,0.121343,2.76251
-11.9372,0.11723,2.77381
-11.9097,0.113209,2.78456
-11.8821,0.109257,2.79481
-11.8543,0.105401,2.80456
-11.8265,0.101593,2.81386
-11.7986,0.0977905,2.82271
-11.7705,0.0940253,2.83114
-11.7424,0.0902751,2.83917
-11.7143,0.0865678,2.84682
-11.686,0.0828786,2.8541
-11.6576,0.079234,2.86104
-11.6292,0.0756082,2.86764
-11.6008,0.0720274,2.87394
-11.5722,0.0684655,2.87993
-11.5436,0.0649486,2.88564
-11.5149,0.0614507,2.89108
-11.4862,0.0579978,2.89626
-11.4574,0.0545641,2.90119
-11.4286,0.0511757,2.90589
-11.3997,0.0478066,2.91036
-11.3708,0.0444834,2.91463
-11.3418,0.0411799,2.91869
-11.3127,0.0379227,2.92255
-11.2837,0.0346857,2.92624
-11.2546,0.0314955,2.92974
-11.2254,0.0283261,2.93308
-11.1963,0.025204,2.93627
-11.167,0.0221032,2.9393
-11.1378,0.0190503,2.94218
-11.1085,0.0160191,2.94493
-11.0792,0.0130365,2.94755
-11.0499,0.010076,2.95004
-11.0205,0.00716458,2.95242
-10.9911,0.0042758,2.95468
-10.9617,0.00143648,2.95684
-10.9322,-0.00137975,2.95889
-10.9028,-0.00414608,2.96084
-10.8733,-0.00688893,2.96271
-10.8438,-0.00958149,2.96448
-10.8142,-0.0122502,2.96617
-10.7847,-0.0148683,2.96778
-10.7551,-0.0174622,2.96931
-10.7255,-0.0200051,2.97077
-10.6959,-0.0225236,2.97216
-10.6663,-0.0249907,2.97348
-10.6366,-0.0274332,2.97474
-10.607,-0.0298241,2.97594
-10.5773,-0.03219,2.97709
-10.5476,-0.0345041,2.97818
-10.5179,-0.0367931,2.97922
-10.4882,-0.03903,2.9802
-10.4585,-0.0412416,2.98114
-10.4288,-0.0434009,2.98204
-10.399,-0.0455347,2.9829
-10.3692,-0.047616,2.98371
-10.3395,-0.0496717,2.98448
-10.3097,-0.0516748,2.98522
-10.2799,-0.053652,2.98592
-10.2501,-0.0555765,2.98659
-10.2203,-0.0574751,2.98723
-10.1905,-0.0593208,2.98784
-10.1606,-0.0611404,2.98842
-10.1308,-0.062907,2.98897
-10.101,-0.0646474,2.98949
-10.101,-0.0646474,2.98999
-10.0711,-0.0663348,2.98999
-10.0413,-0.0679958,2.99047
-10.0114,-0.0696037,2.99092
-9.98153,-0.0711852,2.99135
-9.95166,-0.0727135,2.99176
-9.92177,-0.0742153,2.99216
-9.89189,-0.0756638,2.99253
-9.86199,-0.0770857,2.99288
-9.83209,-0.0784542,2.99322
-9.80219,-0.0797962,2.99354
-9.77228,-0.0810847,2.99385
-9.74237,-0.0823466,2.99414
-9.71245,-0.0835549,2.99442
-9.68253,-0.0847365,2.99469
-9.6526,-0.0858646,2.99494
-9.62267,-0.0869659,2.99518
-9.59274,-0.0880136,2.99541
-9.5628,-0.0890346,2.99563
-9.53286,-0.0900019,2.99584
-9.50291,-0.0909424,2.99603
-9.47296,-0.0918291,2.99622
-9.44301,-0.0926891,2.9964
-9.41306,-0.0934953,2.99657
-9.3831,-0.0942876,2.99674
-9.35314,-0.0950754,2.99689
-9.32318,-0.0958433,2.99704
-9.29322,-0.0965541,2.99718
-9.26326,-0.0972499,2.99731
-9.23329,-0.0979413,2.99744
-9.20332,-0.0986267,2.99756
-9.17336,-0.0993056,2.99768
-9.14339,-0.0999909,2.99779
-9.14339,-0.0999909,2.99789
-9.11342,-0.100719,2.99789
-9.08345,-0.101462,2.99799
-9.05348,-0.102246,2.99809
-9.02351,-0.103031,2.99818
-8.99353,-0.103809,2.99827
-8.96356,-0.104584,2.99835
-8.93359,-0.105345,2.99843
-8.90361,-0.106057,2.9985
-8.87363,-0.106749,2.99857
-8.84365,-0.107397,2.99864
-8.81367,-0.108028,2.99871
-8.78369,-0.108614,2.99877
-8.75371,-0.109195,2.99883
-8.72373,-0.109778,2.99888
-8.69374,-0.110361,2.99894
-8.66376,-0.110942,2.99899
-8.63377,-0.111533,2.99903
-8.60379,-0.11217,2.99908
-8.57381,-0.112811,2.99912
-8.54382,-0.113444,2.99917
-8.51384,-0.114074,2.99921
-8.48385,-0.114688,2.99924
-8.45386,-0.115251,2.99928
-8.42388,-0.115807,2.99931
-8.39389,-0.116366,2.99935
-8.3639,-0.116913,2.99938
-8.33391,-0.11741,2.99941
-8.33391,-0.11741,2.99943
-8.30392,-0.117887,2.99943
-8.27393,-0.118317,2.99946
-8.24394,-0.11874,2.99949
-8.21394,-0.119164,2.99951
-8.18395,-0.119588,2.99954
-8.15396,-0.120008,2.99956
-8.12397,-0.120425,2.99958
-8.09397,-0.120839,2.9996
-8.06398,-0.121248,2.99962
-8.03399,-0.121668,2.99964
-8.00399,-0.122133,2.99965
-7.974,-0.122602,2.99967
-7.94401,-0.123066,2.99969
-7.91401,-0.123527,2.9997
-7.88402,-0.123998,2.99971
-7.85403,-0.124519,2.99973
-7.82404,-0.125047,2.99974
-7.79404,-0.125572,2.99975
-7.76405,-0.126083,2.99976
-7.73406,-0.126546,2.99978
-7.70406,-0.126991,2.99979
-7.67407,-0.127392,2.9998
-7.64407,-0.127776,2.99981
-7.61407,-0.128116,2.99982
-7.58408,-0.128438,2.99982
-7.55408,-0.128714,2.99983
-7.52408,-0.12897,2.99984
-7.49409,-0.129179,2.99985
-7.46409,-0.129366,2.99986
-7.43409,-0.129503,2.99986
-7.40409,-0.129643,2.99987
-7.37409,-0.129831,2.99988
-7.34409,-0.130034,2.99988
-7.3141,-0.130278,2.99989
-7.2841,-0.130534,2.99989
-7.2541,-0.13083,2.9999
-7.2241,-0.13114,2.9999
-7.19411,-0.131493,2.99991
-7.16411,-0.131862,2.99991
-7.13411,-0.132276,2.99992
-7.10412,-0.132696,2.99992
-7.07412,-0.133102,2.99992
-7.04412,-0.133459,2.99993
-7.01413,-0.1338,2.99993
-6.98413,-0.134099,2.99993
-6.95413,-0.134384,2.99994
-6.92413,-0.134627,2.99994
-6.89413,-0.134854,2.99994
-6.86414,-0.135038,2.99995
-6.83414,-0.135216,2.99995
-6.80414,-0.135384,2.99995
-6.77414,-0.135503,2.99995
-6.74414,-0.135612,2.99996
-6.71414,-0.135721,2.99996
-6.68414,-0.135841,2.99996
-6.65414,-0.136006,2.99996
-6.62414,-0.136173,2.99996
-6.59414,-0.136346,2.99996
-6.56414,-0.136562,2.99997
-6.53414,-0.136794,2.99997
-6.50415,-0.137069,2.99997
-6.47415,-0.137349,2.99997
-6.44415,-0.137624,2.99997
-6.41415,-0.137898,2.99997
-6.38415,-0.138173,2.99997
-6.35415,-0.138451,2.99998
-6.32416,-0.138731,2.99998
-6.29416,-0.139001,2.99998
-6.26416,-0.139224,2.99998
-6.23416,-0.13943,2.99998
-6.20416,-0.139592,2.99998
-6.17416,-0.139737,2.99998
-6.14416,-0.139838,2.99998
-6.11416,-0.139934,2.99998
-6.08416,-0.140032,2.99998
-6.05416,-0.14013,2.99999
-6.02416,-0.140226,2.99999
-5.99416,-0.140332,2.99999
-5.96416,-0.140484,2.99999
-5.93416,-0.140651,2.99999
-5.90416,-0.140862,2.99999
-5.87416,-0.141088,2.99999
-5.84417,-0.141357,2.99999
-5.81417,-0.141644,2.99999
-5.78417,-0.141977,2.99999
-5.75417,-0.142303,2.99999
-5.72417,-0.142578,2.99999
-5.69417,-0.142835,2.99999
-5.66417,-0.143049,2.99999
-5.63418,-0.143248,2.99999
-5.60418,-0.143406,2.99999
-5.57418,-0.143548,2.99999
-5.54418,-0.143646,2.99999
-5.51418,-0.143727,2.99999
-5.48418,-0.143763,2.99999
-5.45418,-0.143791,2.99999
-5.42418,-0.14382,2.99999
-5.39418,-0.143848,2.99999
-5.36418,-0.143872,3
-5.33418,-0.143904,3
-5.30418,-0.143981,3
-5.27418,-0.14406,3
-5.24418,-0.144145,3
-5.21418,-0.144274,3
-5.18418,-0.144406,3
-5.15418,-0.144534,3
-5.12418,-0.144659,3
-5.09418,-0.144796,3
-5.06418,-0.144984,3
-5.03418,-0.14518,3
-5.00418,-0.145374,3
-4.97418,-0.145555,3
-4.94418,-0.145689,3
-4.91418,-0.145819,3
-4.88418,-0.145941,3
-4.85418,-0.146018,3
-4.82418,-0.146078,3
-4.79418,-0.146093,3
-4.76418,-0.146089,3
-4.73418,-0.14604,3
-4.70418,-0.145983,3
-4.67418,-0.145942,3
-4.64418,-0.145948,3
-4.61418,-0.145957,3
-4.58418,-0.145972,3
-4.55418,-0.146031,3
-4.52418,-0.146093,3
-4.49418,-0.146148,3
-4.46418,-0.146213,3
-4.43418,-0.146325,3
-4.40418,-0.146458,3
-4.37418,-0.146636,3
-4.34419,-0.146822,3
-4.31419,-0.146992,3
-4.28419,-0.147114,3
-4.25419,-0.147231,3
-4.22419,-0.147355,3
-4.19419,-0.147471,3
-4.16419,-0.147541,3
-4.13419,-0.147594,3
-4.10419,-0.147602,3
-4.07419,-0.147606,3
-4.04419,-0.147614,3
-4.01419,-0.147623,3
-3.98419,-0.14763,3
-3.95419,-0.147648,3
-3.92419,-0.147713,3
-3.89419,-0.147783,3
-3.86419,-0.147846,3
-3.83419,-0.147905,3
-3.80419,-0.147976,3
-3.77419,-0.148095,3
-3.74419,-0.148233,3
-3.71419,-0.148417,3
-3.68419,-0.148595,3
-3.65419,-0.14872,3
-3.62419,-0.148839,3
-3.59419,-0.148963,3
-3.56419,-0.149079,3
-3.53419,-0.149148,3
-3.50419,-0.149212,3
-3.47419,-0.149281,3
-3.44419,-0.14934,3
-3.41419,-0.14935,3
-3.38419,-0.149341,3
-3.35419,-0.149284,3
-3.32419,-0.149221,3
-3.29419,-0.149159,3
-3.26419,-0.149096,3
-3.23419,-0.149044,3
-3.20419,-0.149037,3
-3.17419,-0.149047,3
-3.14419,-0.149099,3
-3.11419,-0.149166,3
-3.08419,-0.149276,3
-3.05419,-0.149403,3
-3.02419,-0.149576,3
-2.99419,-0.149754,3
-2.96419,-0.149931,3
-2.93419,-0.150096,3
-2.90419,-0.150215,3
-2.87419,-0.150318,3
-2.84419,-0.150379,3
-2.81419,-0.150426,3
-2.78419,-0.150431,3
-2.75419,-0.150419,3
-2.72419,-0.150363,3
-2.69419,-0.150301,3
-2.66419,-0.150242,3
-2.63419,-0.150182,3
-2.60419,-0.15012,3
-2.57419,-0.150053,3
-2.54419,-0.149996,3
-2.51419,-0.149984,3
-2.48419,-0.149975,3
-2.45419,-0.149973,3
-2.42419,-0.150015,3
-2.39419,-0.150063,3
-2.36419,-0.150118,3
-2.33419,-0.150221,3
-2.30419,-0.150331,3
-2.27419,-0.150439,3
-2.2442,-0.150547,3
-2.2142,-0.150645,3
-2.1842,-0.150696,3
-2.1542,-0.150743,3
-2.1242,-0.150797,3
-2.0942,-0.150842,3
-2.0642,-0.15084,3
-2.0342,-0.150833,3
-2.0042,-0.150842,3
-1.9742,-0.150903,3
-1.9442,-0.150983,3
-1.9142,-0.151108,3
-1.8842,-0.151224,3
-1.8542,-0.151286,3
-1.8242,-0.15134,3
-1.7942,-0.151383,3
-1.7642,-0.15138,3
-1.7342,-0.151357,3
-1.7042,-0.15129,3
-1.6742,-0.151204,3
-1.6442,-0.151072,3
-1.6142,-0.150934,3
-1.5842,-0.150809,3
-1.5542,-0.150733,3
-1.5242,-0.150674,3
-1.4942,-0.150656,3
-1.4642,-0.15064,3
-1.4342,-0.150629,3
-1.4042,-0.150664,3
-1.3742,-0.150717,3
-1.3442,-0.150815,3
-1.3142,-0.150919,3
-1.2842,-0.151034,3
-1.2542,-0.151199,3
-1.2242,-0.151373,3
-1.1942,-0.151534,3
-1.1642,-0.151649,3
-1.1342,-0.151747,3
-1.1042,-0.151805,3
-1.0742,-0.151848,3
-1.0442,-0.151849,3
-1.0142,-0.151847,3
-0.9842,-0.151838,3
-0.9542,-0.151781,3
-0.9242,-0.151717,3
-0.8942,-0.151654,3
-0.8642,-0.15159,3
-0.8342,-0.151537,3
-0.8042,-0.15153,3
-0.7742,-0.151538,3
-0.7442,-0.151589,3
-0.7142,-0.151643,3
-0.684201,-0.15169,3
-0.654201,-0.151722,3
-0.624201,-0.151703,3
-0.594201,-0.151665,3
-0.564201,-0.151582,3
-0.534201,-0.151495,3
-0.504201,-0.1514,3
-0.474201,-0.151256,3
-0.444202,-0.151119,3
-0.414202,-0.151033,3
-0.384202,-0.150966,3
-0.354202,-0.150943,3
-0.324202,-0.150936,3
-0.294202,-0.150972,3
-0.264202,-0.151025,3
-0.234202,-0.151122,3
-0.204202,-0.151225,3
-0.174202,-0.151325,3
-0.144203,-0.151426,3
-0.114203,-0.151529,3
-0.0842029,-0.151623,3
-0.054203,-0.151672,3
-0.024203,-0.151717,3
0.00579695,-0.151757,3
0.0357969,-0.151752,3
0.0657969,-0.151729,3
0.0957969,-0.151662,3
0.125797,-0.151577,3
0.155796,-0.151447,3
0.185796,-0.151309,3
0.215796,-0.151174,3
0.245796,-0.151049,3
0.275795,-0.150971,3
0.305795,-0.150908,3
0.335795,-0.150887,3
0.365795,-0.15088,3
0.395795,-0.150916,3
0.425795,-0.150967,3
0.455795,-0.151063,3
0.485795,-0.151165,3
0.515795,-0.151264,3
0.545795,-0.151364,3
0.575794,-0.151466,3
0.605794,-0.151559,3
0.635794,-0.151607,3
0.665794,-0.151639,3
0.695794,-0.151629,3
0.725794,-0.151603,3
0.755794,-0.151534,3
0.785794,-0.151461,3
0.815794,-0.151405,3
0.845794,-0.151399,3
0.875794,-0.151398,3
0.905794,-0.151404,3
0.935794,-0.151456,3
0.965794,-0.151512,3
0.995794,-0.151562,3
1.02579,-0.15161,3
1.05579,-0.151657,3
1.08579,-0.151704,3
1.11579,-0.151765,3
1.14579,-0.151876,3
1.17579,-0.151983,3
1.20579,-0.152039,3
1.23579,-0.152087,3
1.26579,-0.152128,3
1.29579,-0.152122,3
1.32579,-0.152098,3
1.35579,-0.152029,3
1.38579,-0.151955,3
1.41579,-0.151885,3
1.44579,-0.151815,3
1.47579,-0.151744,3
1.50579,-0.151683,3
1.53579,-0.151668,3
1.56579,-0.151671,3
1.59579,-0.151716,3
1.62579,-0.151778,3
1.65579,-0.151883,3
1.68579,-0.151993,3
1.71579,-0.1521,3
1.74579,-0.152206,3
1.77579,-0.152314,3
1.80579,-0.152413,3
1.83579,-0.152465,3
1.86579,-0.1525,3
1.89579,-0.152493,3
1.92579,-0.15247,3
1.95579,-0.152403,3
1.98579,-0.152318,3
2.01579,-0.152189,3
2.04579,-0.152052,3
2.07579,-0.15193,3
2.10579,-0.151856,3
2.13579,-0.151785,3
2.16579,-0.15172,3
2.19579,-0.151698,3
2.22579,-0.151692,3
2.25579,-0.151729,3
2.28579,-0.151782,3
2.31579,-0.15188,3
2.34579,-0.151984,3
2.37579,-0.152084,3
2.40579,-0.152186,3
2.43579,-0.152289,3
2.46579,-0.152384,3
2.49579,-0.152433,3
2.52579,-0.152465,3
2.55579,-0.152456,3
2.58579,-0.152431,3
2.61579,-0.152362,3
2.64579,-0.15229,3
2.67579,-0.152221,3
2.70579,-0.152153,3
2.73579,-0.152083,3
2.76579,-0.152024,3
2.79579,-0.15201,3
2.82579,-0.152014,3
2.85579,-0.152061,3
2.88579,-0.15211,3
2.91579,-0.152154,3
2.94579,-0.152196,3
2.97579,-0.152237,3
3.00579,-0.152279,3
3.03579,-0.152323,3
3.06579,-0.152368,3
3.09579,-0.152402,3
3.12579,-0.152389,3
3.15579,-0.15237,3
3.18579,-0.152343,3
3.21579,-0.15227,3
3.24579,-0.15219,3
3.27579,-0.152126,3
3.30579,-0.152112,3
3.33579,-0.152118,3
3.36579,-0.152167,3
3.39579,-0.152232,3
3.42579,-0.152342,3
3.45579,-0.152443,3
3.48579,-0.152491,3
3.51579,-0.152531,3
3.54579,-0.152563,3
3.57579,-0.15255,3
3.60579,-0.152532,3
3.63579,-0.152519,3
3.66579,-0.152496,3
3.69579,-0.152425,3
3.72579,-0.152334,3
3.75579,-0.152196,3
3.78579,-0.152051,3
3.81579,-0.151921,3
3.84579,-0.151839,3
3.87579,-0.151775,3
3.90579,-0.151753,3
3.93579,-0.151746,3
3.96579,-0.151782,3
3.99579,-0.151821,3
4.02579,-0.151869,3
4.05579,-0.151964,3
4.08579,-0.152067,3
4.11579,-0.152168,3
4.14579,-0.152271,3
4.17578,-0.152363,3
4.20578,-0.15241,3
4.23578,-0.152441,3
4.26578,-0.152429,3
4.29578,-0.152402,3
4.32578,-0.152332,3
4.35578,-0.152258,3
4.38578,-0.152188,3
4.41578,-0.152119,3
4.44578,-0.152061,3
4.47578,-0.15205,3
4.50578,-0.152044,3
4.53578,-0.152043,3
4.56578,-0.152088,3
4.59578,-0.152138,3
4.62578,-0.152183,3
4.65578,-0.152225,3
4.68578,-0.152281,3
4.71578,-0.152387,3
4.74578,-0.152501,3
4.77578,-0.1526,3
4.80578,-0.152651,3
4.83578,-0.152684,3
4.86578,-0.152673,3
4.89578,-0.152646,3
4.92578,-0.152576,3
4.95578,-0.152488,3
4.98578,-0.152355,3
5.01578,-0.152216,3
5.04578,-0.152079,3
5.07578,-0.151953,3
5.10578,-0.151874,3
5.13578,-0.15181,3
5.16578,-0.151788,3
5.19578,-0.151768,3
5.22578,-0.151754,3
5.25578,-0.151785,3
5.28578,-0.151835,3
5.31578,-0.151931,3
5.34578,-0.152033,3
5.37578,-0.152132,3
5.40578,-0.152233,3
5.43578,-0.152324,3
5.46578,-0.152368,3
5.49578,-0.152397,3
5.52578,-0.152384,3
5.55578,-0.152356,3
5.58578,-0.152284,3
5.61578,-0.152196,3
5.64578,-0.152063,3
5.67578,-0.151924,3
5.70578,-0.1518,3
5.73578,-0.151723,3
5.76578,-0.151664,3
5.79578,-0.151646,3
5.82578,-0.151644,3
5.85578,-0.151683,3
5.88578,-0.151738,3
5.91578,-0.151837,3
5.94578,-0.151941,3
5.97578,-0.152042,3
6.00578,-0.152144,3
6.03578,-0.152248,3
6.06578,-0.152343,3
6.09578,-0.152392,3
6.12578,-0.152425,3
6.15578,-0.152415,3
6.18578,-0.15239,3
6.21578,-0.152322,3
6.24578,-0.152237,3
6.27578,-0.152106,3
6.30578,-0.151968,3
6.33578,-0.151832,3
6.36578,-0.151708,3
6.39578,-0.15163,3
6.42578,-0.151568,3
6.45578,-0.151547,3
6.48578,-0.15154,3
6.51578,-0.151576,3
6.54578,-0.151628,3
6.57578,-0.151724,3
6.60578,-0.151826,3
6.63578,-0.151938,3
6.66578,-0.1521,3
6.69578,-0.152272,3
6.72577,-0.152431,3
6.75577,-0.152544,3
6.78577,-0.152654,3
6.81577,-0.152772,3
6.84577,-0.152896,3
6.87577,-0.153011,3
6.90577,-0.153081,3
6.93577,-0.153145,3
6.96577,-0.153215,3
6.99577,-0.153287,3
7.02577,-0.15336,3
7.05577,-0.15342,3
7.08577,-0.15343,3
7.11577,-0.153418,3
7.14577,-0.15336,3
7.17577,-0.153281,3
7.20577,-0.153156,3
7.23577,-0.153009,3
7.26577,-0.152814,3
7.29577,-0.152596,3
7.32577,-0.152329,3
7.35577,-0.152038,3
7.38577,-0.151697,3
7.41576,-0.15133,3
7.44576,-0.150887,3
7.47576,-0.150319,3
7.50575,-0.149659,3
7.53574,-0.148882,3
7.56573,-0.148013,3
7.59571,-0.147026,3
7.62569,-0.145946,3
7.65567,-0.144745,3
7.68564,-0.143447,3
7.7156,-0.142025,3
7.74557,-0.140503,3
7.77552,-0.138854,3
7.80547,-0.137103,3
7.83541,-0.135223,3
7.86534,-0.133239,3
7.89527,-0.131124,3
7.92519,-0.128904,3
7.95509,-0.126526,3
7.98498,-0.123945,3
8.01485,-0.12119,3
8.04471,-0.118238,3
8.07455,-0.115116,3
8.10436,-0.111795,3
8.13416,-0.108301,3
8.16393,-0.104605,3
8.19368,-0.100734,3
8.2234,-0.0966588,3
8.2531,-0.0924049,3
8.28229,-0.0879798,2.9049
8.31098,-0.0833081,2.90942
8.33916,-0.0783228,2.81432
8.36633,-0.0730783,2.71922
8.39249,-0.0676578,2.62412
8.41763,-0.0620179,2.52902
8.44173,-0.0560996,2.43392
8.46476,-0.0498619,2.33882
8.48672,-0.0433108,2.24372
8.50761,-0.0365406,2.14862
8.52742,-0.0295603,2.05352
8.54618,-0.022447,1.95842
8.56386,-0.0152062,1.86332
8.58051,-0.00794705,1.76822
8.59613,-0.000747145,1.67312
8.61073,0.00640239,1.57802
8.62433,0.0134282,1.48292
8.63693,0.020329,1.39107
8.64868,0.0270593,1.31669
8.65973,0.0336425,1.25645
